ISO-10303-21;
HEADER;
/* Generated by software containing ST-Developer
 * from STEP Tools, Inc. (www.steptools.com) 
 */
/* OPTION: using custom renumber hook */

FILE_DESCRIPTION(
/* description */ ('STEP AP242 Edition 2',
'CAx-IF Rec.Pracs.---Representation and Presentation of Product Manufa
cturing Information (PMI)---4.0---2014-10-13',
'CAx-IF Rec.Pracs.---3D Tessellated Geometry---0.4---2014-09-14','2;1',
'CAx-IF Rec.Pracs.---User Defined Attributes---1.5---2016-08-15'),
/* implementation_level */ '2;1');

FILE_NAME(
/* name */ 'Part Studio 1',
/* time_stamp */ '2026-06-18T13:05:53Z',
/* author */ (''),
/* organization */ (''),
/* preprocessor_version */ 'ST-DEVELOPER v20',
/* originating_system */ 'ONSHAPE BY PTC INC, 1.216',
/* authorisation */ '  ');

FILE_SCHEMA (('AP242_MANAGED_MODEL_BASED_3D_ENGINEERING_MIM_LF { 1 0 10303 442 3 1 4 }'));
ENDSEC;

DATA;
#10=SHAPE_REPRESENTATION_RELATIONSHIP('','',#2124,#13);
#11=SHAPE_REPRESENTATION_RELATIONSHIP('','',#2125,#14);
#12=SHAPE_REPRESENTATION_RELATIONSHIP('','',#2126,#15);
#13=ADVANCED_BREP_SHAPE_REPRESENTATION('',(#2118),#3542);
#14=ADVANCED_BREP_SHAPE_REPRESENTATION('',(#2119),#3543);
#15=ADVANCED_BREP_SHAPE_REPRESENTATION('',(#2120),#3544);
#16=CYLINDRICAL_SURFACE('',#2144,0.001);
#17=CYLINDRICAL_SURFACE('',#2145,0.001);
#18=CYLINDRICAL_SURFACE('',#2179,0.0035);
#19=CYLINDRICAL_SURFACE('',#2233,0.006);
#20=CYLINDRICAL_SURFACE('',#2238,0.006);
#21=CYLINDRICAL_SURFACE('',#2239,0.006);
#22=CYLINDRICAL_SURFACE('',#2240,0.006);
#23=CYLINDRICAL_SURFACE('',#2241,0.006);
#24=CYLINDRICAL_SURFACE('',#2242,0.006);
#25=CYLINDRICAL_SURFACE('',#2243,0.0015);
#26=CYLINDRICAL_SURFACE('',#2245,0.0035);
#27=CYLINDRICAL_SURFACE('',#2246,0.0015);
#28=CYLINDRICAL_SURFACE('',#2248,0.0015);
#29=CYLINDRICAL_SURFACE('',#2250,0.0035);
#30=CYLINDRICAL_SURFACE('',#2251,0.0015);
#31=CYLINDRICAL_SURFACE('',#2253,0.0035);
#32=CYLINDRICAL_SURFACE('',#2254,0.0015);
#33=CYLINDRICAL_SURFACE('',#2256,0.0035);
#34=CYLINDRICAL_SURFACE('',#2257,0.0015);
#35=CYLINDRICAL_SURFACE('',#2259,0.0035);
#36=CYLINDRICAL_SURFACE('',#2266,0.0015);
#37=CYLINDRICAL_SURFACE('',#2268,0.0045);
#38=CYLINDRICAL_SURFACE('',#2275,0.001);
#39=CYLINDRICAL_SURFACE('',#2276,0.001);
#40=CYLINDRICAL_SURFACE('',#2277,0.001);
#41=CYLINDRICAL_SURFACE('',#2278,0.001);
#42=CYLINDRICAL_SURFACE('',#2279,0.001);
#43=CYLINDRICAL_SURFACE('',#2280,0.001);
#44=CYLINDRICAL_SURFACE('',#2281,0.001);
#45=CYLINDRICAL_SURFACE('',#2282,0.001);
#46=CYLINDRICAL_SURFACE('',#2288,0.0035);
#47=CYLINDRICAL_SURFACE('',#2289,0.0015);
#48=CYLINDRICAL_SURFACE('',#2292,0.0035);
#49=CYLINDRICAL_SURFACE('',#2293,0.0015);
#50=CYLINDRICAL_SURFACE('',#2296,0.001);
#51=CYLINDRICAL_SURFACE('',#2297,0.001);
#52=CYLINDRICAL_SURFACE('',#2298,0.001);
#53=CYLINDRICAL_SURFACE('',#2299,0.001);
#54=CYLINDRICAL_SURFACE('',#2300,0.006);
#55=CYLINDRICAL_SURFACE('',#2307,0.002);
#56=CYLINDRICAL_SURFACE('',#2310,0.002);
#57=CYLINDRICAL_SURFACE('',#2318,0.002);
#58=CYLINDRICAL_SURFACE('',#2321,0.002);
#59=CIRCLE('',#2130,0.001);
#60=CIRCLE('',#2131,0.001);
#61=CIRCLE('',#2137,0.001);
#62=CIRCLE('',#2138,0.001);
#63=CIRCLE('',#2151,0.006);
#64=CIRCLE('',#2152,0.006);
#65=CIRCLE('',#2153,0.006);
#66=CIRCLE('',#2154,0.006);
#67=CIRCLE('',#2155,0.006);
#68=CIRCLE('',#2156,0.006);
#69=CIRCLE('',#2157,0.006);
#70=CIRCLE('',#2158,0.0035);
#71=CIRCLE('',#2159,0.0035);
#72=CIRCLE('',#2160,0.001);
#73=CIRCLE('',#2161,0.001);
#74=CIRCLE('',#2162,0.0035);
#75=CIRCLE('',#2163,0.001);
#76=CIRCLE('',#2164,0.001);
#77=CIRCLE('',#2165,0.0035);
#78=CIRCLE('',#2166,0.001);
#79=CIRCLE('',#2167,0.001);
#80=CIRCLE('',#2168,0.0035);
#81=CIRCLE('',#2169,0.001);
#82=CIRCLE('',#2170,0.001);
#83=CIRCLE('',#2171,0.0035);
#84=CIRCLE('',#2172,0.001);
#85=CIRCLE('',#2173,0.001);
#86=CIRCLE('',#2174,0.0035);
#87=CIRCLE('',#2175,0.0035);
#88=CIRCLE('',#2176,0.001);
#89=CIRCLE('',#2177,0.0045);
#90=CIRCLE('',#2178,0.001);
#91=CIRCLE('',#2180,0.0035);
#92=CIRCLE('',#2182,0.001);
#93=CIRCLE('',#2183,0.0035);
#94=CIRCLE('',#2184,0.001);
#95=CIRCLE('',#2185,0.001);
#96=CIRCLE('',#2186,0.0035);
#97=CIRCLE('',#2187,0.001);
#98=CIRCLE('',#2188,0.0015);
#99=CIRCLE('',#2189,0.0015);
#100=CIRCLE('',#2194,0.0035);
#101=CIRCLE('',#2195,0.0035);
#102=CIRCLE('',#2196,0.001);
#103=CIRCLE('',#2197,0.001);
#104=CIRCLE('',#2198,0.0035);
#105=CIRCLE('',#2199,0.001);
#106=CIRCLE('',#2200,0.001);
#107=CIRCLE('',#2201,0.0035);
#108=CIRCLE('',#2202,0.001);
#109=CIRCLE('',#2203,0.0015);
#110=CIRCLE('',#2204,0.0015);
#111=CIRCLE('',#2205,0.0015);
#112=CIRCLE('',#2206,0.0015);
#113=CIRCLE('',#2215,0.006);
#114=CIRCLE('',#2216,0.006);
#115=CIRCLE('',#2217,0.006);
#116=CIRCLE('',#2218,0.006);
#117=CIRCLE('',#2219,0.006);
#118=CIRCLE('',#2220,0.006);
#119=CIRCLE('',#2221,0.006);
#120=CIRCLE('',#2225,0.001);
#121=CIRCLE('',#2226,0.0045);
#122=CIRCLE('',#2227,0.001);
#123=CIRCLE('',#2228,0.001);
#124=CIRCLE('',#2229,0.0035);
#125=CIRCLE('',#2230,0.0015);
#126=CIRCLE('',#2231,0.0015);
#127=CIRCLE('',#2232,0.0015);
#128=CIRCLE('',#2244,0.0015);
#129=CIRCLE('',#2247,0.0015);
#130=CIRCLE('',#2249,0.0015);
#131=CIRCLE('',#2252,0.0015);
#132=CIRCLE('',#2255,0.0015);
#133=CIRCLE('',#2258,0.0015);
#134=CIRCLE('',#2267,0.0015);
#135=CIRCLE('',#2273,0.001);
#136=CIRCLE('',#2274,0.001);
#137=CIRCLE('',#2290,0.0015);
#138=CIRCLE('',#2294,0.0015);
#139=CIRCLE('',#2308,0.002);
#140=CIRCLE('',#2309,0.002);
#141=CIRCLE('',#2311,0.002);
#142=CIRCLE('',#2312,0.002);
#143=CIRCLE('',#2319,0.002);
#144=CIRCLE('',#2320,0.002);
#145=CIRCLE('',#2322,0.002);
#146=CIRCLE('',#2323,0.002);
#147=ORIENTED_EDGE('',*,*,#709,.F.);
#148=ORIENTED_EDGE('',*,*,#710,.T.);
#149=ORIENTED_EDGE('',*,*,#711,.T.);
#150=ORIENTED_EDGE('',*,*,#712,.T.);
#151=ORIENTED_EDGE('',*,*,#713,.T.);
#152=ORIENTED_EDGE('',*,*,#714,.T.);
#153=ORIENTED_EDGE('',*,*,#715,.F.);
#154=ORIENTED_EDGE('',*,*,#716,.T.);
#155=ORIENTED_EDGE('',*,*,#717,.T.);
#156=ORIENTED_EDGE('',*,*,#718,.T.);
#157=ORIENTED_EDGE('',*,*,#710,.F.);
#158=ORIENTED_EDGE('',*,*,#719,.F.);
#159=ORIENTED_EDGE('',*,*,#720,.F.);
#160=ORIENTED_EDGE('',*,*,#721,.T.);
#161=ORIENTED_EDGE('',*,*,#718,.F.);
#162=ORIENTED_EDGE('',*,*,#722,.F.);
#163=ORIENTED_EDGE('',*,*,#723,.F.);
#164=ORIENTED_EDGE('',*,*,#724,.T.);
#165=ORIENTED_EDGE('',*,*,#716,.F.);
#166=ORIENTED_EDGE('',*,*,#725,.F.);
#167=ORIENTED_EDGE('',*,*,#726,.F.);
#168=ORIENTED_EDGE('',*,*,#727,.T.);
#169=ORIENTED_EDGE('',*,*,#712,.F.);
#170=ORIENTED_EDGE('',*,*,#728,.F.);
#171=ORIENTED_EDGE('',*,*,#729,.F.);
#172=ORIENTED_EDGE('',*,*,#730,.T.);
#173=ORIENTED_EDGE('',*,*,#731,.T.);
#174=ORIENTED_EDGE('',*,*,#732,.T.);
#175=ORIENTED_EDGE('',*,*,#733,.F.);
#176=ORIENTED_EDGE('',*,*,#734,.T.);
#177=ORIENTED_EDGE('',*,*,#735,.T.);
#178=ORIENTED_EDGE('',*,*,#736,.T.);
#179=ORIENTED_EDGE('',*,*,#737,.F.);
#180=ORIENTED_EDGE('',*,*,#738,.T.);
#181=ORIENTED_EDGE('',*,*,#739,.T.);
#182=ORIENTED_EDGE('',*,*,#726,.T.);
#183=ORIENTED_EDGE('',*,*,#740,.T.);
#184=ORIENTED_EDGE('',*,*,#720,.T.);
#185=ORIENTED_EDGE('',*,*,#741,.T.);
#186=ORIENTED_EDGE('',*,*,#736,.F.);
#187=ORIENTED_EDGE('',*,*,#742,.T.);
#188=ORIENTED_EDGE('',*,*,#732,.F.);
#189=ORIENTED_EDGE('',*,*,#743,.T.);
#190=ORIENTED_EDGE('',*,*,#744,.T.);
#191=ORIENTED_EDGE('',*,*,#711,.F.);
#192=ORIENTED_EDGE('',*,*,#724,.F.);
#193=ORIENTED_EDGE('',*,*,#745,.F.);
#194=ORIENTED_EDGE('',*,*,#728,.T.);
#195=ORIENTED_EDGE('',*,*,#717,.F.);
#196=ORIENTED_EDGE('',*,*,#730,.F.);
#197=ORIENTED_EDGE('',*,*,#746,.F.);
#198=ORIENTED_EDGE('',*,*,#722,.T.);
#199=ORIENTED_EDGE('',*,*,#741,.F.);
#200=ORIENTED_EDGE('',*,*,#731,.F.);
#201=ORIENTED_EDGE('',*,*,#747,.T.);
#202=ORIENTED_EDGE('',*,*,#737,.T.);
#203=ORIENTED_EDGE('',*,*,#733,.T.);
#204=ORIENTED_EDGE('',*,*,#742,.F.);
#205=ORIENTED_EDGE('',*,*,#735,.F.);
#206=ORIENTED_EDGE('',*,*,#748,.T.);
#207=ORIENTED_EDGE('',*,*,#747,.F.);
#208=ORIENTED_EDGE('',*,*,#734,.F.);
#209=ORIENTED_EDGE('',*,*,#748,.F.);
#210=ORIENTED_EDGE('',*,*,#738,.F.);
#211=ORIENTED_EDGE('',*,*,#729,.T.);
#212=ORIENTED_EDGE('',*,*,#745,.T.);
#213=ORIENTED_EDGE('',*,*,#723,.T.);
#214=ORIENTED_EDGE('',*,*,#746,.T.);
#215=ORIENTED_EDGE('',*,*,#713,.F.);
#216=ORIENTED_EDGE('',*,*,#744,.F.);
#217=ORIENTED_EDGE('',*,*,#714,.F.);
#218=ORIENTED_EDGE('',*,*,#743,.F.);
#219=ORIENTED_EDGE('',*,*,#740,.F.);
#220=ORIENTED_EDGE('',*,*,#725,.T.);
#221=ORIENTED_EDGE('',*,*,#715,.T.);
#222=ORIENTED_EDGE('',*,*,#721,.F.);
#223=ORIENTED_EDGE('',*,*,#739,.F.);
#224=ORIENTED_EDGE('',*,*,#719,.T.);
#225=ORIENTED_EDGE('',*,*,#709,.T.);
#226=ORIENTED_EDGE('',*,*,#727,.F.);
#227=ORIENTED_EDGE('',*,*,#749,.F.);
#228=ORIENTED_EDGE('',*,*,#750,.T.);
#229=ORIENTED_EDGE('',*,*,#751,.T.);
#230=ORIENTED_EDGE('',*,*,#752,.F.);
#231=ORIENTED_EDGE('',*,*,#753,.F.);
#232=ORIENTED_EDGE('',*,*,#754,.T.);
#233=ORIENTED_EDGE('',*,*,#755,.F.);
#234=ORIENTED_EDGE('',*,*,#756,.F.);
#235=ORIENTED_EDGE('',*,*,#757,.F.);
#236=ORIENTED_EDGE('',*,*,#758,.F.);
#237=ORIENTED_EDGE('',*,*,#759,.F.);
#238=ORIENTED_EDGE('',*,*,#760,.F.);
#239=ORIENTED_EDGE('',*,*,#761,.F.);
#240=ORIENTED_EDGE('',*,*,#762,.F.);
#241=ORIENTED_EDGE('',*,*,#763,.T.);
#242=ORIENTED_EDGE('',*,*,#764,.F.);
#243=ORIENTED_EDGE('',*,*,#765,.F.);
#244=ORIENTED_EDGE('',*,*,#766,.F.);
#245=ORIENTED_EDGE('',*,*,#767,.T.);
#246=ORIENTED_EDGE('',*,*,#768,.T.);
#247=ORIENTED_EDGE('',*,*,#769,.T.);
#248=ORIENTED_EDGE('',*,*,#770,.F.);
#249=ORIENTED_EDGE('',*,*,#771,.T.);
#250=ORIENTED_EDGE('',*,*,#772,.T.);
#251=ORIENTED_EDGE('',*,*,#773,.T.);
#252=ORIENTED_EDGE('',*,*,#774,.T.);
#253=ORIENTED_EDGE('',*,*,#775,.T.);
#254=ORIENTED_EDGE('',*,*,#776,.T.);
#255=ORIENTED_EDGE('',*,*,#777,.T.);
#256=ORIENTED_EDGE('',*,*,#778,.T.);
#257=ORIENTED_EDGE('',*,*,#779,.T.);
#258=ORIENTED_EDGE('',*,*,#780,.T.);
#259=ORIENTED_EDGE('',*,*,#781,.T.);
#260=ORIENTED_EDGE('',*,*,#782,.F.);
#261=ORIENTED_EDGE('',*,*,#783,.T.);
#262=ORIENTED_EDGE('',*,*,#784,.T.);
#263=ORIENTED_EDGE('',*,*,#785,.T.);
#264=ORIENTED_EDGE('',*,*,#786,.F.);
#265=ORIENTED_EDGE('',*,*,#787,.F.);
#266=ORIENTED_EDGE('',*,*,#788,.T.);
#267=ORIENTED_EDGE('',*,*,#752,.T.);
#268=ORIENTED_EDGE('',*,*,#789,.T.);
#269=ORIENTED_EDGE('',*,*,#790,.T.);
#270=ORIENTED_EDGE('',*,*,#791,.F.);
#271=ORIENTED_EDGE('',*,*,#792,.T.);
#272=ORIENTED_EDGE('',*,*,#793,.T.);
#273=ORIENTED_EDGE('',*,*,#794,.T.);
#274=ORIENTED_EDGE('',*,*,#795,.F.);
#275=ORIENTED_EDGE('',*,*,#796,.T.);
#276=ORIENTED_EDGE('',*,*,#797,.T.);
#277=ORIENTED_EDGE('',*,*,#798,.F.);
#278=ORIENTED_EDGE('',*,*,#799,.T.);
#279=ORIENTED_EDGE('',*,*,#800,.T.);
#280=ORIENTED_EDGE('',*,*,#765,.T.);
#281=ORIENTED_EDGE('',*,*,#801,.F.);
#282=ORIENTED_EDGE('',*,*,#802,.T.);
#283=ORIENTED_EDGE('',*,*,#803,.F.);
#284=ORIENTED_EDGE('',*,*,#804,.T.);
#285=ORIENTED_EDGE('',*,*,#805,.F.);
#286=ORIENTED_EDGE('',*,*,#806,.T.);
#287=ORIENTED_EDGE('',*,*,#807,.F.);
#288=ORIENTED_EDGE('',*,*,#808,.T.);
#289=ORIENTED_EDGE('',*,*,#809,.T.);
#290=ORIENTED_EDGE('',*,*,#810,.T.);
#291=ORIENTED_EDGE('',*,*,#811,.T.);
#292=ORIENTED_EDGE('',*,*,#812,.F.);
#293=ORIENTED_EDGE('',*,*,#813,.T.);
#294=ORIENTED_EDGE('',*,*,#814,.T.);
#295=ORIENTED_EDGE('',*,*,#776,.F.);
#296=ORIENTED_EDGE('',*,*,#815,.T.);
#297=ORIENTED_EDGE('',*,*,#801,.T.);
#298=ORIENTED_EDGE('',*,*,#816,.F.);
#299=ORIENTED_EDGE('',*,*,#817,.F.);
#300=ORIENTED_EDGE('',*,*,#818,.F.);
#301=ORIENTED_EDGE('',*,*,#819,.T.);
#302=ORIENTED_EDGE('',*,*,#820,.T.);
#303=ORIENTED_EDGE('',*,*,#821,.F.);
#304=ORIENTED_EDGE('',*,*,#822,.T.);
#305=ORIENTED_EDGE('',*,*,#823,.T.);
#306=ORIENTED_EDGE('',*,*,#824,.T.);
#307=ORIENTED_EDGE('',*,*,#811,.F.);
#308=ORIENTED_EDGE('',*,*,#825,.F.);
#309=ORIENTED_EDGE('',*,*,#826,.T.);
#310=ORIENTED_EDGE('',*,*,#827,.T.);
#311=ORIENTED_EDGE('',*,*,#828,.F.);
#312=ORIENTED_EDGE('',*,*,#829,.T.);
#313=ORIENTED_EDGE('',*,*,#830,.F.);
#314=ORIENTED_EDGE('',*,*,#792,.F.);
#315=ORIENTED_EDGE('',*,*,#750,.F.);
#316=ORIENTED_EDGE('',*,*,#831,.F.);
#317=ORIENTED_EDGE('',*,*,#832,.F.);
#318=ORIENTED_EDGE('',*,*,#833,.F.);
#319=ORIENTED_EDGE('',*,*,#834,.T.);
#320=ORIENTED_EDGE('',*,*,#835,.F.);
#321=ORIENTED_EDGE('',*,*,#836,.T.);
#322=ORIENTED_EDGE('',*,*,#837,.F.);
#323=ORIENTED_EDGE('',*,*,#838,.T.);
#324=ORIENTED_EDGE('',*,*,#839,.F.);
#325=ORIENTED_EDGE('',*,*,#840,.T.);
#326=ORIENTED_EDGE('',*,*,#841,.F.);
#327=ORIENTED_EDGE('',*,*,#842,.T.);
#328=ORIENTED_EDGE('',*,*,#819,.F.);
#329=ORIENTED_EDGE('',*,*,#843,.T.);
#330=ORIENTED_EDGE('',*,*,#821,.T.);
#331=ORIENTED_EDGE('',*,*,#844,.T.);
#332=ORIENTED_EDGE('',*,*,#845,.F.);
#333=ORIENTED_EDGE('',*,*,#846,.T.);
#334=ORIENTED_EDGE('',*,*,#847,.T.);
#335=ORIENTED_EDGE('',*,*,#848,.T.);
#336=ORIENTED_EDGE('',*,*,#849,.T.);
#337=ORIENTED_EDGE('',*,*,#768,.F.);
#338=ORIENTED_EDGE('',*,*,#850,.T.);
#339=ORIENTED_EDGE('',*,*,#851,.F.);
#340=ORIENTED_EDGE('',*,*,#852,.T.);
#341=ORIENTED_EDGE('',*,*,#810,.F.);
#342=ORIENTED_EDGE('',*,*,#853,.T.);
#343=ORIENTED_EDGE('',*,*,#854,.T.);
#344=ORIENTED_EDGE('',*,*,#855,.F.);
#345=ORIENTED_EDGE('',*,*,#856,.F.);
#346=ORIENTED_EDGE('',*,*,#857,.F.);
#347=ORIENTED_EDGE('',*,*,#858,.T.);
#348=ORIENTED_EDGE('',*,*,#825,.T.);
#349=ORIENTED_EDGE('',*,*,#859,.T.);
#350=ORIENTED_EDGE('',*,*,#860,.T.);
#351=ORIENTED_EDGE('',*,*,#797,.F.);
#352=ORIENTED_EDGE('',*,*,#861,.T.);
#353=ORIENTED_EDGE('',*,*,#862,.T.);
#354=ORIENTED_EDGE('',*,*,#863,.T.);
#355=ORIENTED_EDGE('',*,*,#793,.F.);
#356=ORIENTED_EDGE('',*,*,#830,.T.);
#357=ORIENTED_EDGE('',*,*,#835,.T.);
#358=ORIENTED_EDGE('',*,*,#864,.T.);
#359=ORIENTED_EDGE('',*,*,#784,.F.);
#360=ORIENTED_EDGE('',*,*,#865,.T.);
#361=ORIENTED_EDGE('',*,*,#780,.F.);
#362=ORIENTED_EDGE('',*,*,#866,.T.);
#363=ORIENTED_EDGE('',*,*,#839,.T.);
#364=ORIENTED_EDGE('',*,*,#867,.T.);
#365=ORIENTED_EDGE('',*,*,#805,.T.);
#366=ORIENTED_EDGE('',*,*,#868,.T.);
#367=ORIENTED_EDGE('',*,*,#772,.F.);
#368=ORIENTED_EDGE('',*,*,#869,.T.);
#369=ORIENTED_EDGE('',*,*,#870,.F.);
#370=ORIENTED_EDGE('',*,*,#871,.T.);
#371=ORIENTED_EDGE('',*,*,#872,.T.);
#372=ORIENTED_EDGE('',*,*,#873,.T.);
#373=ORIENTED_EDGE('',*,*,#874,.T.);
#374=ORIENTED_EDGE('',*,*,#875,.T.);
#375=ORIENTED_EDGE('',*,*,#876,.F.);
#376=ORIENTED_EDGE('',*,*,#877,.F.);
#377=ORIENTED_EDGE('',*,*,#826,.F.);
#378=ORIENTED_EDGE('',*,*,#858,.F.);
#379=ORIENTED_EDGE('',*,*,#878,.T.);
#380=ORIENTED_EDGE('',*,*,#879,.F.);
#381=ORIENTED_EDGE('',*,*,#880,.T.);
#382=ORIENTED_EDGE('',*,*,#881,.T.);
#383=ORIENTED_EDGE('',*,*,#882,.T.);
#384=ORIENTED_EDGE('',*,*,#883,.F.);
#385=ORIENTED_EDGE('',*,*,#844,.F.);
#386=ORIENTED_EDGE('',*,*,#827,.F.);
#387=ORIENTED_EDGE('',*,*,#877,.T.);
#388=ORIENTED_EDGE('',*,*,#884,.T.);
#389=ORIENTED_EDGE('',*,*,#885,.F.);
#390=ORIENTED_EDGE('',*,*,#886,.T.);
#391=ORIENTED_EDGE('',*,*,#790,.F.);
#392=ORIENTED_EDGE('',*,*,#887,.F.);
#393=ORIENTED_EDGE('',*,*,#884,.F.);
#394=ORIENTED_EDGE('',*,*,#876,.T.);
#395=ORIENTED_EDGE('',*,*,#857,.T.);
#396=ORIENTED_EDGE('',*,*,#799,.F.);
#397=ORIENTED_EDGE('',*,*,#888,.T.);
#398=ORIENTED_EDGE('',*,*,#859,.F.);
#399=ORIENTED_EDGE('',*,*,#889,.T.);
#400=ORIENTED_EDGE('',*,*,#890,.F.);
#401=ORIENTED_EDGE('',*,*,#891,.T.);
#402=ORIENTED_EDGE('',*,*,#862,.F.);
#403=ORIENTED_EDGE('',*,*,#829,.F.);
#404=ORIENTED_EDGE('',*,*,#892,.T.);
#405=ORIENTED_EDGE('',*,*,#885,.T.);
#406=ORIENTED_EDGE('',*,*,#887,.T.);
#407=ORIENTED_EDGE('',*,*,#856,.T.);
#408=ORIENTED_EDGE('',*,*,#893,.F.);
#409=ORIENTED_EDGE('',*,*,#894,.T.);
#410=ORIENTED_EDGE('',*,*,#895,.F.);
#411=ORIENTED_EDGE('',*,*,#896,.T.);
#412=ORIENTED_EDGE('',*,*,#897,.T.);
#413=ORIENTED_EDGE('',*,*,#898,.T.);
#414=ORIENTED_EDGE('',*,*,#878,.F.);
#415=ORIENTED_EDGE('',*,*,#757,.T.);
#416=ORIENTED_EDGE('',*,*,#879,.T.);
#417=ORIENTED_EDGE('',*,*,#899,.T.);
#418=ORIENTED_EDGE('',*,*,#754,.F.);
#419=ORIENTED_EDGE('',*,*,#900,.F.);
#420=ORIENTED_EDGE('',*,*,#901,.T.);
#421=ORIENTED_EDGE('',*,*,#755,.T.);
#422=ORIENTED_EDGE('',*,*,#899,.F.);
#423=ORIENTED_EDGE('',*,*,#882,.F.);
#424=ORIENTED_EDGE('',*,*,#902,.T.);
#425=ORIENTED_EDGE('',*,*,#756,.T.);
#426=ORIENTED_EDGE('',*,*,#901,.F.);
#427=ORIENTED_EDGE('',*,*,#881,.F.);
#428=ORIENTED_EDGE('',*,*,#900,.T.);
#429=ORIENTED_EDGE('',*,*,#753,.T.);
#430=ORIENTED_EDGE('',*,*,#902,.F.);
#431=ORIENTED_EDGE('',*,*,#880,.F.);
#432=ORIENTED_EDGE('',*,*,#875,.F.);
#433=ORIENTED_EDGE('',*,*,#758,.T.);
#434=ORIENTED_EDGE('',*,*,#874,.F.);
#435=ORIENTED_EDGE('',*,*,#759,.T.);
#436=ORIENTED_EDGE('',*,*,#873,.F.);
#437=ORIENTED_EDGE('',*,*,#760,.T.);
#438=ORIENTED_EDGE('',*,*,#872,.F.);
#439=ORIENTED_EDGE('',*,*,#761,.T.);
#440=ORIENTED_EDGE('',*,*,#871,.F.);
#441=ORIENTED_EDGE('',*,*,#762,.T.);
#442=ORIENTED_EDGE('',*,*,#813,.F.);
#443=ORIENTED_EDGE('',*,*,#903,.F.);
#444=ORIENTED_EDGE('',*,*,#807,.T.);
#445=ORIENTED_EDGE('',*,*,#904,.T.);
#446=ORIENTED_EDGE('',*,*,#770,.T.);
#447=ORIENTED_EDGE('',*,*,#905,.T.);
#448=ORIENTED_EDGE('',*,*,#896,.F.);
#449=ORIENTED_EDGE('',*,*,#906,.F.);
#450=ORIENTED_EDGE('',*,*,#897,.F.);
#451=ORIENTED_EDGE('',*,*,#907,.F.);
#452=ORIENTED_EDGE('',*,*,#895,.T.);
#453=ORIENTED_EDGE('',*,*,#908,.T.);
#454=ORIENTED_EDGE('',*,*,#766,.T.);
#455=ORIENTED_EDGE('',*,*,#800,.F.);
#456=ORIENTED_EDGE('',*,*,#848,.F.);
#457=ORIENTED_EDGE('',*,*,#909,.F.);
#458=ORIENTED_EDGE('',*,*,#782,.T.);
#459=ORIENTED_EDGE('',*,*,#910,.T.);
#460=ORIENTED_EDGE('',*,*,#837,.T.);
#461=ORIENTED_EDGE('',*,*,#911,.T.);
#462=ORIENTED_EDGE('',*,*,#847,.F.);
#463=ORIENTED_EDGE('',*,*,#912,.F.);
#464=ORIENTED_EDGE('',*,*,#832,.T.);
#465=ORIENTED_EDGE('',*,*,#913,.T.);
#466=ORIENTED_EDGE('',*,*,#787,.T.);
#467=ORIENTED_EDGE('',*,*,#914,.T.);
#468=ORIENTED_EDGE('',*,*,#846,.F.);
#469=ORIENTED_EDGE('',*,*,#915,.F.);
#470=ORIENTED_EDGE('',*,*,#786,.T.);
#471=ORIENTED_EDGE('',*,*,#916,.T.);
#472=ORIENTED_EDGE('',*,*,#833,.T.);
#473=ORIENTED_EDGE('',*,*,#914,.F.);
#474=ORIENTED_EDGE('',*,*,#903,.T.);
#475=ORIENTED_EDGE('',*,*,#909,.T.);
#476=ORIENTED_EDGE('',*,*,#915,.T.);
#477=ORIENTED_EDGE('',*,*,#912,.T.);
#478=ORIENTED_EDGE('',*,*,#907,.T.);
#479=ORIENTED_EDGE('',*,*,#906,.T.);
#480=ORIENTED_EDGE('',*,*,#898,.F.);
#481=ORIENTED_EDGE('',*,*,#917,.F.);
#482=ORIENTED_EDGE('',*,*,#795,.T.);
#483=ORIENTED_EDGE('',*,*,#918,.T.);
#484=ORIENTED_EDGE('',*,*,#890,.T.);
#485=ORIENTED_EDGE('',*,*,#919,.T.);
#486=ORIENTED_EDGE('',*,*,#917,.T.);
#487=ORIENTED_EDGE('',*,*,#853,.F.);
#488=ORIENTED_EDGE('',*,*,#809,.F.);
#489=ORIENTED_EDGE('',*,*,#920,.T.);
#490=ORIENTED_EDGE('',*,*,#921,.T.);
#491=ORIENTED_EDGE('',*,*,#855,.T.);
#492=ORIENTED_EDGE('',*,*,#922,.F.);
#493=ORIENTED_EDGE('',*,*,#923,.T.);
#494=ORIENTED_EDGE('',*,*,#893,.T.);
#495=ORIENTED_EDGE('',*,*,#854,.F.);
#496=ORIENTED_EDGE('',*,*,#921,.F.);
#497=ORIENTED_EDGE('',*,*,#924,.T.);
#498=ORIENTED_EDGE('',*,*,#851,.T.);
#499=ORIENTED_EDGE('',*,*,#925,.T.);
#500=ORIENTED_EDGE('',*,*,#922,.T.);
#501=ORIENTED_EDGE('',*,*,#806,.F.);
#502=ORIENTED_EDGE('',*,*,#869,.F.);
#503=ORIENTED_EDGE('',*,*,#771,.F.);
#504=ORIENTED_EDGE('',*,*,#904,.F.);
#505=ORIENTED_EDGE('',*,*,#794,.F.);
#506=ORIENTED_EDGE('',*,*,#863,.F.);
#507=ORIENTED_EDGE('',*,*,#891,.F.);
#508=ORIENTED_EDGE('',*,*,#918,.F.);
#509=ORIENTED_EDGE('',*,*,#889,.F.);
#510=ORIENTED_EDGE('',*,*,#861,.F.);
#511=ORIENTED_EDGE('',*,*,#796,.F.);
#512=ORIENTED_EDGE('',*,*,#919,.F.);
#513=ORIENTED_EDGE('',*,*,#785,.F.);
#514=ORIENTED_EDGE('',*,*,#864,.F.);
#515=ORIENTED_EDGE('',*,*,#834,.F.);
#516=ORIENTED_EDGE('',*,*,#916,.F.);
#517=ORIENTED_EDGE('',*,*,#781,.F.);
#518=ORIENTED_EDGE('',*,*,#867,.F.);
#519=ORIENTED_EDGE('',*,*,#838,.F.);
#520=ORIENTED_EDGE('',*,*,#910,.F.);
#521=ORIENTED_EDGE('',*,*,#836,.F.);
#522=ORIENTED_EDGE('',*,*,#865,.F.);
#523=ORIENTED_EDGE('',*,*,#783,.F.);
#524=ORIENTED_EDGE('',*,*,#911,.F.);
#525=ORIENTED_EDGE('',*,*,#925,.F.);
#526=ORIENTED_EDGE('',*,*,#850,.F.);
#527=ORIENTED_EDGE('',*,*,#767,.F.);
#528=ORIENTED_EDGE('',*,*,#908,.F.);
#529=ORIENTED_EDGE('',*,*,#894,.F.);
#530=ORIENTED_EDGE('',*,*,#923,.F.);
#531=ORIENTED_EDGE('',*,*,#769,.F.);
#532=ORIENTED_EDGE('',*,*,#852,.F.);
#533=ORIENTED_EDGE('',*,*,#924,.F.);
#534=ORIENTED_EDGE('',*,*,#920,.F.);
#535=ORIENTED_EDGE('',*,*,#808,.F.);
#536=ORIENTED_EDGE('',*,*,#905,.F.);
#537=ORIENTED_EDGE('',*,*,#883,.T.);
#538=ORIENTED_EDGE('',*,*,#789,.F.);
#539=ORIENTED_EDGE('',*,*,#751,.F.);
#540=ORIENTED_EDGE('',*,*,#845,.T.);
#541=ORIENTED_EDGE('',*,*,#886,.F.);
#542=ORIENTED_EDGE('',*,*,#892,.F.);
#543=ORIENTED_EDGE('',*,*,#828,.T.);
#544=ORIENTED_EDGE('',*,*,#791,.T.);
#545=ORIENTED_EDGE('',*,*,#822,.F.);
#546=ORIENTED_EDGE('',*,*,#843,.F.);
#547=ORIENTED_EDGE('',*,*,#818,.T.);
#548=ORIENTED_EDGE('',*,*,#926,.T.);
#549=ORIENTED_EDGE('',*,*,#824,.F.);
#550=ORIENTED_EDGE('',*,*,#927,.F.);
#551=ORIENTED_EDGE('',*,*,#816,.T.);
#552=ORIENTED_EDGE('',*,*,#812,.T.);
#553=ORIENTED_EDGE('',*,*,#823,.F.);
#554=ORIENTED_EDGE('',*,*,#926,.F.);
#555=ORIENTED_EDGE('',*,*,#817,.T.);
#556=ORIENTED_EDGE('',*,*,#927,.T.);
#557=ORIENTED_EDGE('',*,*,#774,.F.);
#558=ORIENTED_EDGE('',*,*,#928,.T.);
#559=ORIENTED_EDGE('',*,*,#803,.T.);
#560=ORIENTED_EDGE('',*,*,#929,.T.);
#561=ORIENTED_EDGE('',*,*,#814,.F.);
#562=ORIENTED_EDGE('',*,*,#930,.T.);
#563=ORIENTED_EDGE('',*,*,#930,.F.);
#564=ORIENTED_EDGE('',*,*,#778,.F.);
#565=ORIENTED_EDGE('',*,*,#931,.T.);
#566=ORIENTED_EDGE('',*,*,#841,.T.);
#567=ORIENTED_EDGE('',*,*,#932,.T.);
#568=ORIENTED_EDGE('',*,*,#849,.F.);
#569=ORIENTED_EDGE('',*,*,#933,.T.);
#570=ORIENTED_EDGE('',*,*,#933,.F.);
#571=ORIENTED_EDGE('',*,*,#804,.F.);
#572=ORIENTED_EDGE('',*,*,#928,.F.);
#573=ORIENTED_EDGE('',*,*,#773,.F.);
#574=ORIENTED_EDGE('',*,*,#868,.F.);
#575=ORIENTED_EDGE('',*,*,#775,.F.);
#576=ORIENTED_EDGE('',*,*,#929,.F.);
#577=ORIENTED_EDGE('',*,*,#802,.F.);
#578=ORIENTED_EDGE('',*,*,#815,.F.);
#579=ORIENTED_EDGE('',*,*,#842,.F.);
#580=ORIENTED_EDGE('',*,*,#931,.F.);
#581=ORIENTED_EDGE('',*,*,#777,.F.);
#582=ORIENTED_EDGE('',*,*,#820,.F.);
#583=ORIENTED_EDGE('',*,*,#779,.F.);
#584=ORIENTED_EDGE('',*,*,#932,.F.);
#585=ORIENTED_EDGE('',*,*,#840,.F.);
#586=ORIENTED_EDGE('',*,*,#866,.F.);
#587=ORIENTED_EDGE('',*,*,#763,.F.);
#588=ORIENTED_EDGE('',*,*,#870,.T.);
#589=ORIENTED_EDGE('',*,*,#788,.F.);
#590=ORIENTED_EDGE('',*,*,#913,.F.);
#591=ORIENTED_EDGE('',*,*,#831,.T.);
#592=ORIENTED_EDGE('',*,*,#749,.T.);
#593=ORIENTED_EDGE('',*,*,#764,.T.);
#594=ORIENTED_EDGE('',*,*,#860,.F.);
#595=ORIENTED_EDGE('',*,*,#888,.F.);
#596=ORIENTED_EDGE('',*,*,#798,.T.);
#597=ORIENTED_EDGE('',*,*,#934,.F.);
#598=ORIENTED_EDGE('',*,*,#935,.T.);
#599=ORIENTED_EDGE('',*,*,#936,.T.);
#600=ORIENTED_EDGE('',*,*,#937,.F.);
#601=ORIENTED_EDGE('',*,*,#938,.T.);
#602=ORIENTED_EDGE('',*,*,#939,.F.);
#603=ORIENTED_EDGE('',*,*,#940,.F.);
#604=ORIENTED_EDGE('',*,*,#941,.F.);
#605=ORIENTED_EDGE('',*,*,#942,.F.);
#606=ORIENTED_EDGE('',*,*,#943,.F.);
#607=ORIENTED_EDGE('',*,*,#944,.T.);
#608=ORIENTED_EDGE('',*,*,#945,.T.);
#609=ORIENTED_EDGE('',*,*,#946,.F.);
#610=ORIENTED_EDGE('',*,*,#947,.T.);
#611=ORIENTED_EDGE('',*,*,#948,.F.);
#612=ORIENTED_EDGE('',*,*,#949,.T.);
#613=ORIENTED_EDGE('',*,*,#950,.F.);
#614=ORIENTED_EDGE('',*,*,#947,.F.);
#615=ORIENTED_EDGE('',*,*,#951,.F.);
#616=ORIENTED_EDGE('',*,*,#952,.F.);
#617=ORIENTED_EDGE('',*,*,#953,.F.);
#618=ORIENTED_EDGE('',*,*,#949,.F.);
#619=ORIENTED_EDGE('',*,*,#954,.F.);
#620=ORIENTED_EDGE('',*,*,#955,.F.);
#621=ORIENTED_EDGE('',*,*,#956,.T.);
#622=ORIENTED_EDGE('',*,*,#957,.F.);
#623=ORIENTED_EDGE('',*,*,#958,.T.);
#624=ORIENTED_EDGE('',*,*,#959,.T.);
#625=ORIENTED_EDGE('',*,*,#960,.F.);
#626=ORIENTED_EDGE('',*,*,#952,.T.);
#627=ORIENTED_EDGE('',*,*,#961,.T.);
#628=ORIENTED_EDGE('',*,*,#962,.F.);
#629=ORIENTED_EDGE('',*,*,#963,.T.);
#630=ORIENTED_EDGE('',*,*,#964,.T.);
#631=ORIENTED_EDGE('',*,*,#965,.F.);
#632=ORIENTED_EDGE('',*,*,#955,.T.);
#633=ORIENTED_EDGE('',*,*,#965,.T.);
#634=ORIENTED_EDGE('',*,*,#939,.T.);
#635=ORIENTED_EDGE('',*,*,#956,.F.);
#636=ORIENTED_EDGE('',*,*,#951,.T.);
#637=ORIENTED_EDGE('',*,*,#946,.T.);
#638=ORIENTED_EDGE('',*,*,#953,.T.);
#639=ORIENTED_EDGE('',*,*,#960,.T.);
#640=ORIENTED_EDGE('',*,*,#941,.T.);
#641=ORIENTED_EDGE('',*,*,#961,.F.);
#642=ORIENTED_EDGE('',*,*,#954,.T.);
#643=ORIENTED_EDGE('',*,*,#948,.T.);
#644=ORIENTED_EDGE('',*,*,#950,.T.);
#645=ORIENTED_EDGE('',*,*,#966,.F.);
#646=ORIENTED_EDGE('',*,*,#967,.T.);
#647=ORIENTED_EDGE('',*,*,#968,.F.);
#648=ORIENTED_EDGE('',*,*,#969,.T.);
#649=ORIENTED_EDGE('',*,*,#970,.F.);
#650=ORIENTED_EDGE('',*,*,#967,.F.);
#651=ORIENTED_EDGE('',*,*,#971,.F.);
#652=ORIENTED_EDGE('',*,*,#972,.F.);
#653=ORIENTED_EDGE('',*,*,#973,.F.);
#654=ORIENTED_EDGE('',*,*,#969,.F.);
#655=ORIENTED_EDGE('',*,*,#974,.F.);
#656=ORIENTED_EDGE('',*,*,#975,.F.);
#657=ORIENTED_EDGE('',*,*,#976,.F.);
#658=ORIENTED_EDGE('',*,*,#972,.T.);
#659=ORIENTED_EDGE('',*,*,#977,.T.);
#660=ORIENTED_EDGE('',*,*,#935,.F.);
#661=ORIENTED_EDGE('',*,*,#978,.F.);
#662=ORIENTED_EDGE('',*,*,#979,.F.);
#663=ORIENTED_EDGE('',*,*,#980,.T.);
#664=ORIENTED_EDGE('',*,*,#945,.F.);
#665=ORIENTED_EDGE('',*,*,#981,.F.);
#666=ORIENTED_EDGE('',*,*,#975,.T.);
#667=ORIENTED_EDGE('',*,*,#982,.T.);
#668=ORIENTED_EDGE('',*,*,#943,.T.);
#669=ORIENTED_EDGE('',*,*,#983,.F.);
#670=ORIENTED_EDGE('',*,*,#984,.T.);
#671=ORIENTED_EDGE('',*,*,#985,.T.);
#672=ORIENTED_EDGE('',*,*,#937,.T.);
#673=ORIENTED_EDGE('',*,*,#944,.F.);
#674=ORIENTED_EDGE('',*,*,#982,.F.);
#675=ORIENTED_EDGE('',*,*,#974,.T.);
#676=ORIENTED_EDGE('',*,*,#968,.T.);
#677=ORIENTED_EDGE('',*,*,#970,.T.);
#678=ORIENTED_EDGE('',*,*,#976,.T.);
#679=ORIENTED_EDGE('',*,*,#936,.F.);
#680=ORIENTED_EDGE('',*,*,#977,.F.);
#681=ORIENTED_EDGE('',*,*,#971,.T.);
#682=ORIENTED_EDGE('',*,*,#966,.T.);
#683=ORIENTED_EDGE('',*,*,#973,.T.);
#684=ORIENTED_EDGE('',*,*,#981,.T.);
#685=ORIENTED_EDGE('',*,*,#942,.T.);
#686=ORIENTED_EDGE('',*,*,#959,.F.);
#687=ORIENTED_EDGE('',*,*,#986,.F.);
#688=ORIENTED_EDGE('',*,*,#983,.T.);
#689=ORIENTED_EDGE('',*,*,#938,.F.);
#690=ORIENTED_EDGE('',*,*,#985,.F.);
#691=ORIENTED_EDGE('',*,*,#987,.T.);
#692=ORIENTED_EDGE('',*,*,#957,.T.);
#693=ORIENTED_EDGE('',*,*,#984,.F.);
#694=ORIENTED_EDGE('',*,*,#986,.T.);
#695=ORIENTED_EDGE('',*,*,#958,.F.);
#696=ORIENTED_EDGE('',*,*,#987,.F.);
#697=ORIENTED_EDGE('',*,*,#940,.T.);
#698=ORIENTED_EDGE('',*,*,#980,.F.);
#699=ORIENTED_EDGE('',*,*,#988,.F.);
#700=ORIENTED_EDGE('',*,*,#962,.T.);
#701=ORIENTED_EDGE('',*,*,#934,.T.);
#702=ORIENTED_EDGE('',*,*,#964,.F.);
#703=ORIENTED_EDGE('',*,*,#989,.F.);
#704=ORIENTED_EDGE('',*,*,#978,.T.);
#705=ORIENTED_EDGE('',*,*,#963,.F.);
#706=ORIENTED_EDGE('',*,*,#988,.T.);
#707=ORIENTED_EDGE('',*,*,#979,.T.);
#708=ORIENTED_EDGE('',*,*,#989,.T.);
#709=EDGE_CURVE('',#990,#991,#1188,.T.);
#710=EDGE_CURVE('',#990,#992,#1189,.T.);
#711=EDGE_CURVE('',#992,#993,#1190,.T.);
#712=EDGE_CURVE('',#993,#991,#1191,.T.);
#713=EDGE_CURVE('',#994,#994,#59,.T.);
#714=EDGE_CURVE('',#995,#995,#60,.T.);
#715=EDGE_CURVE('',#996,#997,#1192,.F.);
#716=EDGE_CURVE('',#996,#998,#1193,.T.);
#717=EDGE_CURVE('',#998,#999,#1194,.T.);
#718=EDGE_CURVE('',#999,#997,#1195,.T.);
#719=EDGE_CURVE('',#1000,#990,#1196,.T.);
#720=EDGE_CURVE('',#1001,#1000,#1197,.T.);
#721=EDGE_CURVE('',#1001,#997,#1198,.T.);
#722=EDGE_CURVE('',#1002,#999,#1199,.T.);
#723=EDGE_CURVE('',#1003,#1002,#1200,.T.);
#724=EDGE_CURVE('',#1003,#992,#1201,.T.);
#725=EDGE_CURVE('',#1004,#996,#1202,.T.);
#726=EDGE_CURVE('',#1005,#1004,#1203,.T.);
#727=EDGE_CURVE('',#1005,#991,#1204,.T.);
#728=EDGE_CURVE('',#1006,#993,#1205,.T.);
#729=EDGE_CURVE('',#1007,#1006,#1206,.T.);
#730=EDGE_CURVE('',#1007,#998,#1207,.T.);
#731=EDGE_CURVE('',#1008,#1009,#1208,.T.);
#732=EDGE_CURVE('',#1009,#1010,#1209,.T.);
#733=EDGE_CURVE('',#1011,#1010,#1210,.T.);
#734=EDGE_CURVE('',#1011,#1008,#1211,.T.);
#735=EDGE_CURVE('',#1012,#1013,#1212,.T.);
#736=EDGE_CURVE('',#1013,#1014,#1213,.T.);
#737=EDGE_CURVE('',#1015,#1014,#1214,.T.);
#738=EDGE_CURVE('',#1015,#1012,#1215,.T.);
#739=EDGE_CURVE('',#1000,#1005,#1216,.T.);
#740=EDGE_CURVE('',#1004,#1001,#1217,.T.);
#741=EDGE_CURVE('',#1009,#1014,#1218,.F.);
#742=EDGE_CURVE('',#1013,#1010,#1219,.T.);
#743=EDGE_CURVE('',#1016,#1016,#61,.T.);
#744=EDGE_CURVE('',#1017,#1017,#62,.T.);
#745=EDGE_CURVE('',#1006,#1003,#1220,.T.);
#746=EDGE_CURVE('',#1002,#1007,#1221,.T.);
#747=EDGE_CURVE('',#1008,#1015,#1222,.T.);
#748=EDGE_CURVE('',#1012,#1011,#1223,.T.);
#749=EDGE_CURVE('',#1018,#1019,#1224,.T.);
#750=EDGE_CURVE('',#1018,#1020,#1225,.T.);
#751=EDGE_CURVE('',#1020,#1021,#1226,.T.);
#752=EDGE_CURVE('',#1019,#1021,#1227,.T.);
#753=EDGE_CURVE('',#1022,#1023,#1228,.T.);
#754=EDGE_CURVE('',#1022,#1024,#1229,.T.);
#755=EDGE_CURVE('',#1025,#1024,#1230,.T.);
#756=EDGE_CURVE('',#1023,#1025,#1231,.T.);
#757=EDGE_CURVE('',#1026,#1026,#63,.F.);
#758=EDGE_CURVE('',#1027,#1027,#64,.F.);
#759=EDGE_CURVE('',#1028,#1028,#65,.F.);
#760=EDGE_CURVE('',#1029,#1029,#66,.F.);
#761=EDGE_CURVE('',#1030,#1030,#67,.F.);
#762=EDGE_CURVE('',#1031,#1031,#68,.F.);
#763=EDGE_CURVE('',#1032,#1032,#69,.T.);
#764=EDGE_CURVE('',#1033,#1034,#1232,.T.);
#765=EDGE_CURVE('',#1035,#1033,#70,.F.);
#766=EDGE_CURVE('',#1036,#1035,#71,.F.);
#767=EDGE_CURVE('',#1036,#1037,#72,.F.);
#768=EDGE_CURVE('',#1037,#1038,#1233,.T.);
#769=EDGE_CURVE('',#1038,#1039,#73,.F.);
#770=EDGE_CURVE('',#1040,#1039,#74,.F.);
#771=EDGE_CURVE('',#1040,#1041,#75,.F.);
#772=EDGE_CURVE('',#1041,#1042,#1234,.T.);
#773=EDGE_CURVE('',#1042,#1043,#76,.F.);
#774=EDGE_CURVE('',#1043,#1044,#77,.T.);
#775=EDGE_CURVE('',#1044,#1045,#78,.F.);
#776=EDGE_CURVE('',#1045,#1046,#1235,.T.);
#777=EDGE_CURVE('',#1046,#1047,#79,.F.);
#778=EDGE_CURVE('',#1047,#1048,#80,.T.);
#779=EDGE_CURVE('',#1048,#1049,#81,.F.);
#780=EDGE_CURVE('',#1049,#1050,#1236,.T.);
#781=EDGE_CURVE('',#1050,#1051,#82,.F.);
#782=EDGE_CURVE('',#1052,#1051,#83,.F.);
#783=EDGE_CURVE('',#1052,#1053,#84,.F.);
#784=EDGE_CURVE('',#1053,#1054,#1237,.T.);
#785=EDGE_CURVE('',#1054,#1055,#85,.F.);
#786=EDGE_CURVE('',#1056,#1055,#86,.F.);
#787=EDGE_CURVE('',#1057,#1056,#87,.F.);
#788=EDGE_CURVE('',#1057,#1019,#1238,.T.);
#789=EDGE_CURVE('',#1021,#1058,#1239,.T.);
#790=EDGE_CURVE('',#1058,#1059,#1240,.T.);
#791=EDGE_CURVE('',#1060,#1059,#1241,.T.);
#792=EDGE_CURVE('',#1060,#1061,#1242,.T.);
#793=EDGE_CURVE('',#1061,#1062,#1243,.T.);
#794=EDGE_CURVE('',#1062,#1063,#88,.F.);
#795=EDGE_CURVE('',#1064,#1063,#89,.F.);
#796=EDGE_CURVE('',#1064,#1065,#90,.F.);
#797=EDGE_CURVE('',#1065,#1034,#1244,.T.);
#798=EDGE_CURVE('',#1066,#1033,#1245,.T.);
#799=EDGE_CURVE('',#1066,#1067,#91,.T.);
#800=EDGE_CURVE('',#1067,#1035,#1246,.F.);
#801=EDGE_CURVE('',#1068,#1069,#1247,.T.);
#802=EDGE_CURVE('',#1068,#1070,#92,.T.);
#803=EDGE_CURVE('',#1071,#1070,#93,.T.);
#804=EDGE_CURVE('',#1071,#1072,#94,.T.);
#805=EDGE_CURVE('',#1073,#1072,#1248,.T.);
#806=EDGE_CURVE('',#1073,#1074,#95,.T.);
#807=EDGE_CURVE('',#1075,#1074,#96,.T.);
#808=EDGE_CURVE('',#1075,#1076,#97,.T.);
#809=EDGE_CURVE('',#1076,#1077,#1249,.T.);
#810=EDGE_CURVE('',#1077,#1078,#1250,.T.);
#811=EDGE_CURVE('',#1078,#1079,#1251,.T.);
#812=EDGE_CURVE('',#1069,#1079,#1252,.T.);
#813=EDGE_CURVE('',#1080,#1080,#98,.T.);
#814=EDGE_CURVE('',#1081,#1081,#99,.T.);
#815=EDGE_CURVE('',#1045,#1068,#1253,.F.);
#816=EDGE_CURVE('',#1082,#1069,#1254,.T.);
#817=EDGE_CURVE('',#1083,#1082,#1255,.T.);
#818=EDGE_CURVE('',#1084,#1083,#1256,.T.);
#819=EDGE_CURVE('',#1084,#1085,#1257,.T.);
#820=EDGE_CURVE('',#1085,#1046,#1258,.T.);
#821=EDGE_CURVE('',#1086,#1087,#1259,.T.);
#822=EDGE_CURVE('',#1086,#1088,#1260,.T.);
#823=EDGE_CURVE('',#1088,#1089,#1261,.T.);
#824=EDGE_CURVE('',#1089,#1079,#1262,.T.);
#825=EDGE_CURVE('',#1090,#1078,#1263,.T.);
#826=EDGE_CURVE('',#1090,#1091,#1264,.T.);
#827=EDGE_CURVE('',#1091,#1087,#1265,.T.);
#828=EDGE_CURVE('',#1092,#1060,#1266,.T.);
#829=EDGE_CURVE('',#1092,#1093,#1267,.T.);
#830=EDGE_CURVE('',#1061,#1093,#1268,.T.);
#831=EDGE_CURVE('',#1094,#1018,#1269,.T.);
#832=EDGE_CURVE('',#1095,#1094,#100,.T.);
#833=EDGE_CURVE('',#1096,#1095,#101,.T.);
#834=EDGE_CURVE('',#1096,#1097,#102,.T.);
#835=EDGE_CURVE('',#1098,#1097,#1270,.T.);
#836=EDGE_CURVE('',#1098,#1099,#103,.T.);
#837=EDGE_CURVE('',#1100,#1099,#104,.T.);
#838=EDGE_CURVE('',#1100,#1101,#105,.T.);
#839=EDGE_CURVE('',#1102,#1101,#1271,.T.);
#840=EDGE_CURVE('',#1102,#1103,#106,.T.);
#841=EDGE_CURVE('',#1104,#1103,#107,.T.);
#842=EDGE_CURVE('',#1104,#1085,#108,.T.);
#843=EDGE_CURVE('',#1084,#1086,#1272,.T.);
#844=EDGE_CURVE('',#1087,#1105,#1273,.T.);
#845=EDGE_CURVE('',#1020,#1105,#1274,.T.);
#846=EDGE_CURVE('',#1106,#1106,#109,.T.);
#847=EDGE_CURVE('',#1107,#1107,#110,.T.);
#848=EDGE_CURVE('',#1108,#1108,#111,.T.);
#849=EDGE_CURVE('',#1109,#1109,#112,.T.);
#850=EDGE_CURVE('',#1037,#1110,#1275,.F.);
#851=EDGE_CURVE('',#1111,#1110,#1276,.T.);
#852=EDGE_CURVE('',#1111,#1038,#1277,.T.);
#853=EDGE_CURVE('',#1077,#1112,#1278,.T.);
#854=EDGE_CURVE('',#1112,#1113,#1279,.T.);
#855=EDGE_CURVE('',#1114,#1113,#1280,.T.);
#856=EDGE_CURVE('',#1115,#1114,#1281,.T.);
#857=EDGE_CURVE('',#1116,#1115,#1282,.T.);
#858=EDGE_CURVE('',#1116,#1090,#1283,.T.);
#859=EDGE_CURVE('',#1117,#1118,#1284,.T.);
#860=EDGE_CURVE('',#1118,#1034,#1285,.T.);
#861=EDGE_CURVE('',#1065,#1117,#1286,.F.);
#862=EDGE_CURVE('',#1093,#1119,#1287,.T.);
#863=EDGE_CURVE('',#1119,#1062,#1288,.T.);
#864=EDGE_CURVE('',#1097,#1054,#1289,.T.);
#865=EDGE_CURVE('',#1053,#1098,#1290,.F.);
#866=EDGE_CURVE('',#1049,#1102,#1291,.F.);
#867=EDGE_CURVE('',#1101,#1050,#1292,.T.);
#868=EDGE_CURVE('',#1072,#1042,#1293,.T.);
#869=EDGE_CURVE('',#1041,#1073,#1294,.F.);
#870=EDGE_CURVE('',#1120,#1120,#113,.T.);
#871=EDGE_CURVE('',#1121,#1121,#114,.F.);
#872=EDGE_CURVE('',#1122,#1122,#115,.F.);
#873=EDGE_CURVE('',#1123,#1123,#116,.F.);
#874=EDGE_CURVE('',#1124,#1124,#117,.F.);
#875=EDGE_CURVE('',#1125,#1125,#118,.F.);
#876=EDGE_CURVE('',#1126,#1116,#1295,.F.);
#877=EDGE_CURVE('',#1091,#1126,#1296,.F.);
#878=EDGE_CURVE('',#1127,#1127,#119,.F.);
#879=EDGE_CURVE('',#1128,#1129,#1297,.T.);
#880=EDGE_CURVE('',#1128,#1130,#1298,.T.);
#881=EDGE_CURVE('',#1130,#1131,#1299,.T.);
#882=EDGE_CURVE('',#1131,#1129,#1300,.T.);
#883=EDGE_CURVE('',#1105,#1058,#1301,.T.);
#884=EDGE_CURVE('',#1126,#1132,#1302,.T.);
#885=EDGE_CURVE('',#1133,#1132,#1303,.T.);
#886=EDGE_CURVE('',#1133,#1059,#1304,.T.);
#887=EDGE_CURVE('',#1132,#1115,#1305,.T.);
#888=EDGE_CURVE('',#1066,#1118,#1306,.T.);
#889=EDGE_CURVE('',#1117,#1134,#120,.T.);
#890=EDGE_CURVE('',#1135,#1134,#121,.T.);
#891=EDGE_CURVE('',#1135,#1119,#122,.T.);
#892=EDGE_CURVE('',#1092,#1133,#1307,.T.);
#893=EDGE_CURVE('',#1136,#1114,#1308,.T.);
#894=EDGE_CURVE('',#1136,#1137,#123,.T.);
#895=EDGE_CURVE('',#1067,#1137,#124,.T.);
#896=EDGE_CURVE('',#1138,#1138,#125,.T.);
#897=EDGE_CURVE('',#1139,#1139,#126,.T.);
#898=EDGE_CURVE('',#1140,#1140,#127,.T.);
#899=EDGE_CURVE('',#1129,#1024,#1309,.T.);
#900=EDGE_CURVE('',#1128,#1022,#1310,.T.);
#901=EDGE_CURVE('',#1131,#1025,#1311,.T.);
#902=EDGE_CURVE('',#1130,#1023,#1312,.T.);
#903=EDGE_CURVE('',#1141,#1141,#128,.F.);
#904=EDGE_CURVE('',#1074,#1040,#1313,.F.);
#905=EDGE_CURVE('',#1039,#1075,#1314,.T.);
#906=EDGE_CURVE('',#1142,#1142,#129,.F.);
#907=EDGE_CURVE('',#1143,#1143,#130,.F.);
#908=EDGE_CURVE('',#1137,#1036,#1315,.F.);
#909=EDGE_CURVE('',#1144,#1144,#131,.F.);
#910=EDGE_CURVE('',#1051,#1100,#1316,.T.);
#911=EDGE_CURVE('',#1099,#1052,#1317,.F.);
#912=EDGE_CURVE('',#1145,#1145,#132,.F.);
#913=EDGE_CURVE('',#1094,#1057,#1318,.T.);
#914=EDGE_CURVE('',#1056,#1095,#1319,.T.);
#915=EDGE_CURVE('',#1146,#1146,#133,.F.);
#916=EDGE_CURVE('',#1055,#1096,#1320,.T.);
#917=EDGE_CURVE('',#1147,#1147,#134,.F.);
#918=EDGE_CURVE('',#1063,#1135,#1321,.T.);
#919=EDGE_CURVE('',#1134,#1064,#1322,.F.);
#920=EDGE_CURVE('',#1076,#1148,#1323,.F.);
#921=EDGE_CURVE('',#1148,#1112,#1324,.T.);
#922=EDGE_CURVE('',#1149,#1113,#1325,.T.);
#923=EDGE_CURVE('',#1149,#1136,#1326,.T.);
#924=EDGE_CURVE('',#1148,#1111,#135,.F.);
#925=EDGE_CURVE('',#1110,#1149,#136,.F.);
#926=EDGE_CURVE('',#1083,#1088,#1327,.T.);
#927=EDGE_CURVE('',#1082,#1089,#1328,.T.);
#928=EDGE_CURVE('',#1043,#1071,#1329,.F.);
#929=EDGE_CURVE('',#1070,#1044,#1330,.T.);
#930=EDGE_CURVE('',#1150,#1150,#137,.T.);
#931=EDGE_CURVE('',#1047,#1104,#1331,.F.);
#932=EDGE_CURVE('',#1103,#1048,#1332,.T.);
#933=EDGE_CURVE('',#1151,#1151,#138,.T.);
#934=EDGE_CURVE('',#1152,#1153,#1333,.T.);
#935=EDGE_CURVE('',#1152,#1154,#1334,.T.);
#936=EDGE_CURVE('',#1154,#1155,#1335,.T.);
#937=EDGE_CURVE('',#1156,#1155,#1336,.T.);
#938=EDGE_CURVE('',#1156,#1157,#1337,.T.);
#939=EDGE_CURVE('',#1153,#1157,#1338,.T.);
#940=EDGE_CURVE('',#1158,#1159,#1339,.T.);
#941=EDGE_CURVE('',#1160,#1158,#1340,.T.);
#942=EDGE_CURVE('',#1161,#1160,#1341,.T.);
#943=EDGE_CURVE('',#1162,#1161,#1342,.T.);
#944=EDGE_CURVE('',#1162,#1163,#1343,.T.);
#945=EDGE_CURVE('',#1163,#1159,#1344,.T.);
#946=EDGE_CURVE('',#1164,#1165,#1345,.T.);
#947=EDGE_CURVE('',#1164,#1166,#1346,.F.);
#948=EDGE_CURVE('',#1167,#1166,#1347,.T.);
#949=EDGE_CURVE('',#1167,#1165,#1348,.F.);
#950=EDGE_CURVE('',#1166,#1168,#139,.F.);
#951=EDGE_CURVE('',#1169,#1164,#140,.F.);
#952=EDGE_CURVE('',#1168,#1169,#1349,.T.);
#953=EDGE_CURVE('',#1165,#1170,#141,.F.);
#954=EDGE_CURVE('',#1171,#1167,#142,.F.);
#955=EDGE_CURVE('',#1170,#1171,#1350,.T.);
#956=EDGE_CURVE('',#1169,#1157,#1351,.T.);
#957=EDGE_CURVE('',#1172,#1157,#1352,.T.);
#958=EDGE_CURVE('',#1172,#1173,#1353,.T.);
#959=EDGE_CURVE('',#1173,#1160,#1354,.T.);
#960=EDGE_CURVE('',#1168,#1160,#1355,.T.);
#961=EDGE_CURVE('',#1171,#1158,#1356,.T.);
#962=EDGE_CURVE('',#1174,#1158,#1357,.T.);
#963=EDGE_CURVE('',#1174,#1175,#1358,.T.);
#964=EDGE_CURVE('',#1175,#1153,#1359,.T.);
#965=EDGE_CURVE('',#1170,#1153,#1360,.T.);
#966=EDGE_CURVE('',#1176,#1177,#1361,.F.);
#967=EDGE_CURVE('',#1176,#1178,#1362,.F.);
#968=EDGE_CURVE('',#1179,#1178,#1363,.F.);
#969=EDGE_CURVE('',#1179,#1177,#1364,.F.);
#970=EDGE_CURVE('',#1178,#1180,#143,.T.);
#971=EDGE_CURVE('',#1181,#1176,#144,.T.);
#972=EDGE_CURVE('',#1180,#1181,#1365,.T.);
#973=EDGE_CURVE('',#1177,#1182,#145,.T.);
#974=EDGE_CURVE('',#1183,#1179,#146,.T.);
#975=EDGE_CURVE('',#1182,#1183,#1366,.T.);
#976=EDGE_CURVE('',#1180,#1163,#1367,.T.);
#977=EDGE_CURVE('',#1181,#1154,#1368,.T.);
#978=EDGE_CURVE('',#1184,#1152,#1369,.T.);
#979=EDGE_CURVE('',#1185,#1184,#1370,.T.);
#980=EDGE_CURVE('',#1185,#1159,#1371,.T.);
#981=EDGE_CURVE('',#1182,#1155,#1372,.T.);
#982=EDGE_CURVE('',#1183,#1162,#1373,.T.);
#983=EDGE_CURVE('',#1186,#1161,#1374,.T.);
#984=EDGE_CURVE('',#1186,#1187,#1375,.T.);
#985=EDGE_CURVE('',#1187,#1156,#1376,.T.);
#986=EDGE_CURVE('',#1186,#1173,#1377,.T.);
#987=EDGE_CURVE('',#1187,#1172,#1378,.T.);
#988=EDGE_CURVE('',#1174,#1185,#1379,.T.);
#989=EDGE_CURVE('',#1184,#1175,#1380,.T.);
#990=VERTEX_POINT('',#2944);
#991=VERTEX_POINT('',#2945);
#992=VERTEX_POINT('',#2947);
#993=VERTEX_POINT('',#2949);
#994=VERTEX_POINT('',#2953);
#995=VERTEX_POINT('',#2955);
#996=VERTEX_POINT('',#2957);
#997=VERTEX_POINT('',#2958);
#998=VERTEX_POINT('',#2960);
#999=VERTEX_POINT('',#2962);
#1000=VERTEX_POINT('',#2966);
#1001=VERTEX_POINT('',#2968);
#1002=VERTEX_POINT('',#2971);
#1003=VERTEX_POINT('',#2973);
#1004=VERTEX_POINT('',#2977);
#1005=VERTEX_POINT('',#2979);
#1006=VERTEX_POINT('',#2982);
#1007=VERTEX_POINT('',#2984);
#1008=VERTEX_POINT('',#2988);
#1009=VERTEX_POINT('',#2989);
#1010=VERTEX_POINT('',#2991);
#1011=VERTEX_POINT('',#2993);
#1012=VERTEX_POINT('',#2997);
#1013=VERTEX_POINT('',#2998);
#1014=VERTEX_POINT('',#3000);
#1015=VERTEX_POINT('',#3002);
#1016=VERTEX_POINT('',#3010);
#1017=VERTEX_POINT('',#3012);
#1018=VERTEX_POINT('',#3029);
#1019=VERTEX_POINT('',#3030);
#1020=VERTEX_POINT('',#3032);
#1021=VERTEX_POINT('',#3034);
#1022=VERTEX_POINT('',#3038);
#1023=VERTEX_POINT('',#3039);
#1024=VERTEX_POINT('',#3041);
#1025=VERTEX_POINT('',#3043);
#1026=VERTEX_POINT('',#3046);
#1027=VERTEX_POINT('',#3048);
#1028=VERTEX_POINT('',#3050);
#1029=VERTEX_POINT('',#3052);
#1030=VERTEX_POINT('',#3054);
#1031=VERTEX_POINT('',#3056);
#1032=VERTEX_POINT('',#3058);
#1033=VERTEX_POINT('',#3060);
#1034=VERTEX_POINT('',#3061);
#1035=VERTEX_POINT('',#3063);
#1036=VERTEX_POINT('',#3065);
#1037=VERTEX_POINT('',#3067);
#1038=VERTEX_POINT('',#3069);
#1039=VERTEX_POINT('',#3071);
#1040=VERTEX_POINT('',#3073);
#1041=VERTEX_POINT('',#3075);
#1042=VERTEX_POINT('',#3077);
#1043=VERTEX_POINT('',#3079);
#1044=VERTEX_POINT('',#3081);
#1045=VERTEX_POINT('',#3083);
#1046=VERTEX_POINT('',#3085);
#1047=VERTEX_POINT('',#3087);
#1048=VERTEX_POINT('',#3089);
#1049=VERTEX_POINT('',#3091);
#1050=VERTEX_POINT('',#3093);
#1051=VERTEX_POINT('',#3095);
#1052=VERTEX_POINT('',#3097);
#1053=VERTEX_POINT('',#3099);
#1054=VERTEX_POINT('',#3101);
#1055=VERTEX_POINT('',#3103);
#1056=VERTEX_POINT('',#3105);
#1057=VERTEX_POINT('',#3107);
#1058=VERTEX_POINT('',#3110);
#1059=VERTEX_POINT('',#3112);
#1060=VERTEX_POINT('',#3114);
#1061=VERTEX_POINT('',#3116);
#1062=VERTEX_POINT('',#3118);
#1063=VERTEX_POINT('',#3120);
#1064=VERTEX_POINT('',#3122);
#1065=VERTEX_POINT('',#3124);
#1066=VERTEX_POINT('',#3128);
#1067=VERTEX_POINT('',#3130);
#1068=VERTEX_POINT('',#3134);
#1069=VERTEX_POINT('',#3135);
#1070=VERTEX_POINT('',#3137);
#1071=VERTEX_POINT('',#3139);
#1072=VERTEX_POINT('',#3141);
#1073=VERTEX_POINT('',#3143);
#1074=VERTEX_POINT('',#3145);
#1075=VERTEX_POINT('',#3147);
#1076=VERTEX_POINT('',#3149);
#1077=VERTEX_POINT('',#3151);
#1078=VERTEX_POINT('',#3153);
#1079=VERTEX_POINT('',#3155);
#1080=VERTEX_POINT('',#3158);
#1081=VERTEX_POINT('',#3160);
#1082=VERTEX_POINT('',#3164);
#1083=VERTEX_POINT('',#3166);
#1084=VERTEX_POINT('',#3168);
#1085=VERTEX_POINT('',#3170);
#1086=VERTEX_POINT('',#3174);
#1087=VERTEX_POINT('',#3175);
#1088=VERTEX_POINT('',#3177);
#1089=VERTEX_POINT('',#3179);
#1090=VERTEX_POINT('',#3182);
#1091=VERTEX_POINT('',#3184);
#1092=VERTEX_POINT('',#3188);
#1093=VERTEX_POINT('',#3190);
#1094=VERTEX_POINT('',#3194);
#1095=VERTEX_POINT('',#3196);
#1096=VERTEX_POINT('',#3198);
#1097=VERTEX_POINT('',#3200);
#1098=VERTEX_POINT('',#3202);
#1099=VERTEX_POINT('',#3204);
#1100=VERTEX_POINT('',#3206);
#1101=VERTEX_POINT('',#3208);
#1102=VERTEX_POINT('',#3210);
#1103=VERTEX_POINT('',#3212);
#1104=VERTEX_POINT('',#3214);
#1105=VERTEX_POINT('',#3218);
#1106=VERTEX_POINT('',#3221);
#1107=VERTEX_POINT('',#3223);
#1108=VERTEX_POINT('',#3225);
#1109=VERTEX_POINT('',#3227);
#1110=VERTEX_POINT('',#3230);
#1111=VERTEX_POINT('',#3232);
#1112=VERTEX_POINT('',#3236);
#1113=VERTEX_POINT('',#3238);
#1114=VERTEX_POINT('',#3240);
#1115=VERTEX_POINT('',#3242);
#1116=VERTEX_POINT('',#3244);
#1117=VERTEX_POINT('',#3248);
#1118=VERTEX_POINT('',#3249);
#1119=VERTEX_POINT('',#3254);
#1120=VERTEX_POINT('',#3267);
#1121=VERTEX_POINT('',#3269);
#1122=VERTEX_POINT('',#3271);
#1123=VERTEX_POINT('',#3273);
#1124=VERTEX_POINT('',#3275);
#1125=VERTEX_POINT('',#3277);
#1126=VERTEX_POINT('',#3279);
#1127=VERTEX_POINT('',#3282);
#1128=VERTEX_POINT('',#3284);
#1129=VERTEX_POINT('',#3285);
#1130=VERTEX_POINT('',#3287);
#1131=VERTEX_POINT('',#3289);
#1132=VERTEX_POINT('',#3294);
#1133=VERTEX_POINT('',#3296);
#1134=VERTEX_POINT('',#3303);
#1135=VERTEX_POINT('',#3305);
#1136=VERTEX_POINT('',#3309);
#1137=VERTEX_POINT('',#3311);
#1138=VERTEX_POINT('',#3314);
#1139=VERTEX_POINT('',#3316);
#1140=VERTEX_POINT('',#3318);
#1141=VERTEX_POINT('',#3335);
#1142=VERTEX_POINT('',#3341);
#1143=VERTEX_POINT('',#3344);
#1144=VERTEX_POINT('',#3349);
#1145=VERTEX_POINT('',#3355);
#1146=VERTEX_POINT('',#3361);
#1147=VERTEX_POINT('',#3372);
#1148=VERTEX_POINT('',#3379);
#1149=VERTEX_POINT('',#3383);
#1150=VERTEX_POINT('',#3408);
#1151=VERTEX_POINT('',#3415);
#1152=VERTEX_POINT('',#3427);
#1153=VERTEX_POINT('',#3428);
#1154=VERTEX_POINT('',#3430);
#1155=VERTEX_POINT('',#3432);
#1156=VERTEX_POINT('',#3434);
#1157=VERTEX_POINT('',#3436);
#1158=VERTEX_POINT('',#3440);
#1159=VERTEX_POINT('',#3441);
#1160=VERTEX_POINT('',#3443);
#1161=VERTEX_POINT('',#3445);
#1162=VERTEX_POINT('',#3447);
#1163=VERTEX_POINT('',#3449);
#1164=VERTEX_POINT('',#3453);
#1165=VERTEX_POINT('',#3454);
#1166=VERTEX_POINT('',#3456);
#1167=VERTEX_POINT('',#3458);
#1168=VERTEX_POINT('',#3462);
#1169=VERTEX_POINT('',#3464);
#1170=VERTEX_POINT('',#3468);
#1171=VERTEX_POINT('',#3470);
#1172=VERTEX_POINT('',#3475);
#1173=VERTEX_POINT('',#3477);
#1174=VERTEX_POINT('',#3483);
#1175=VERTEX_POINT('',#3485);
#1176=VERTEX_POINT('',#3492);
#1177=VERTEX_POINT('',#3493);
#1178=VERTEX_POINT('',#3495);
#1179=VERTEX_POINT('',#3497);
#1180=VERTEX_POINT('',#3501);
#1181=VERTEX_POINT('',#3503);
#1182=VERTEX_POINT('',#3507);
#1183=VERTEX_POINT('',#3509);
#1184=VERTEX_POINT('',#3515);
#1185=VERTEX_POINT('',#3517);
#1186=VERTEX_POINT('',#3523);
#1187=VERTEX_POINT('',#3525);
#1188=LINE('',#2943,#1381);
#1189=LINE('',#2946,#1382);
#1190=LINE('',#2948,#1383);
#1191=LINE('',#2950,#1384);
#1192=LINE('',#2956,#1385);
#1193=LINE('',#2959,#1386);
#1194=LINE('',#2961,#1387);
#1195=LINE('',#2963,#1388);
#1196=LINE('',#2965,#1389);
#1197=LINE('',#2967,#1390);
#1198=LINE('',#2969,#1391);
#1199=LINE('',#2970,#1392);
#1200=LINE('',#2972,#1393);
#1201=LINE('',#2974,#1394);
#1202=LINE('',#2976,#1395);
#1203=LINE('',#2978,#1396);
#1204=LINE('',#2980,#1397);
#1205=LINE('',#2981,#1398);
#1206=LINE('',#2983,#1399);
#1207=LINE('',#2985,#1400);
#1208=LINE('',#2987,#1401);
#1209=LINE('',#2990,#1402);
#1210=LINE('',#2992,#1403);
#1211=LINE('',#2994,#1404);
#1212=LINE('',#2996,#1405);
#1213=LINE('',#2999,#1406);
#1214=LINE('',#3001,#1407);
#1215=LINE('',#3003,#1408);
#1216=LINE('',#3005,#1409);
#1217=LINE('',#3006,#1410);
#1218=LINE('',#3007,#1411);
#1219=LINE('',#3008,#1412);
#1220=LINE('',#3014,#1413);
#1221=LINE('',#3016,#1414);
#1222=LINE('',#3018,#1415);
#1223=LINE('',#3020,#1416);
#1224=LINE('',#3028,#1417);
#1225=LINE('',#3031,#1418);
#1226=LINE('',#3033,#1419);
#1227=LINE('',#3035,#1420);
#1228=LINE('',#3037,#1421);
#1229=LINE('',#3040,#1422);
#1230=LINE('',#3042,#1423);
#1231=LINE('',#3044,#1424);
#1232=LINE('',#3059,#1425);
#1233=LINE('',#3068,#1426);
#1234=LINE('',#3076,#1427);
#1235=LINE('',#3084,#1428);
#1236=LINE('',#3092,#1429);
#1237=LINE('',#3100,#1430);
#1238=LINE('',#3108,#1431);
#1239=LINE('',#3109,#1432);
#1240=LINE('',#3111,#1433);
#1241=LINE('',#3113,#1434);
#1242=LINE('',#3115,#1435);
#1243=LINE('',#3117,#1436);
#1244=LINE('',#3125,#1437);
#1245=LINE('',#3127,#1438);
#1246=LINE('',#3131,#1439);
#1247=LINE('',#3133,#1440);
#1248=LINE('',#3142,#1441);
#1249=LINE('',#3150,#1442);
#1250=LINE('',#3152,#1443);
#1251=LINE('',#3154,#1444);
#1252=LINE('',#3156,#1445);
#1253=LINE('',#3162,#1446);
#1254=LINE('',#3163,#1447);
#1255=LINE('',#3165,#1448);
#1256=LINE('',#3167,#1449);
#1257=LINE('',#3169,#1450);
#1258=LINE('',#3171,#1451);
#1259=LINE('',#3173,#1452);
#1260=LINE('',#3176,#1453);
#1261=LINE('',#3178,#1454);
#1262=LINE('',#3180,#1455);
#1263=LINE('',#3181,#1456);
#1264=LINE('',#3183,#1457);
#1265=LINE('',#3185,#1458);
#1266=LINE('',#3187,#1459);
#1267=LINE('',#3189,#1460);
#1268=LINE('',#3191,#1461);
#1269=LINE('',#3193,#1462);
#1270=LINE('',#3201,#1463);
#1271=LINE('',#3209,#1464);
#1272=LINE('',#3216,#1465);
#1273=LINE('',#3217,#1466);
#1274=LINE('',#3219,#1467);
#1275=LINE('',#3229,#1468);
#1276=LINE('',#3231,#1469);
#1277=LINE('',#3233,#1470);
#1278=LINE('',#3235,#1471);
#1279=LINE('',#3237,#1472);
#1280=LINE('',#3239,#1473);
#1281=LINE('',#3241,#1474);
#1282=LINE('',#3243,#1475);
#1283=LINE('',#3245,#1476);
#1284=LINE('',#3247,#1477);
#1285=LINE('',#3250,#1478);
#1286=LINE('',#3251,#1479);
#1287=LINE('',#3253,#1480);
#1288=LINE('',#3255,#1481);
#1289=LINE('',#3257,#1482);
#1290=LINE('',#3258,#1483);
#1291=LINE('',#3260,#1484);
#1292=LINE('',#3261,#1485);
#1293=LINE('',#3263,#1486);
#1294=LINE('',#3264,#1487);
#1295=LINE('',#3278,#1488);
#1296=LINE('',#3280,#1489);
#1297=LINE('',#3283,#1490);
#1298=LINE('',#3286,#1491);
#1299=LINE('',#3288,#1492);
#1300=LINE('',#3290,#1493);
#1301=LINE('',#3292,#1494);
#1302=LINE('',#3293,#1495);
#1303=LINE('',#3295,#1496);
#1304=LINE('',#3297,#1497);
#1305=LINE('',#3299,#1498);
#1306=LINE('',#3301,#1499);
#1307=LINE('',#3307,#1500);
#1308=LINE('',#3308,#1501);
#1309=LINE('',#3321,#1502);
#1310=LINE('',#3322,#1503);
#1311=LINE('',#3324,#1504);
#1312=LINE('',#3326,#1505);
#1313=LINE('',#3337,#1506);
#1314=LINE('',#3338,#1507);
#1315=LINE('',#3346,#1508);
#1316=LINE('',#3351,#1509);
#1317=LINE('',#3352,#1510);
#1318=LINE('',#3357,#1511);
#1319=LINE('',#3358,#1512);
#1320=LINE('',#3363,#1513);
#1321=LINE('',#3374,#1514);
#1322=LINE('',#3375,#1515);
#1323=LINE('',#3378,#1516);
#1324=LINE('',#3380,#1517);
#1325=LINE('',#3382,#1518);
#1326=LINE('',#3384,#1519);
#1327=LINE('',#3399,#1520);
#1328=LINE('',#3401,#1521);
#1329=LINE('',#3404,#1522);
#1330=LINE('',#3405,#1523);
#1331=LINE('',#3411,#1524);
#1332=LINE('',#3412,#1525);
#1333=LINE('',#3426,#1526);
#1334=LINE('',#3429,#1527);
#1335=LINE('',#3431,#1528);
#1336=LINE('',#3433,#1529);
#1337=LINE('',#3435,#1530);
#1338=LINE('',#3437,#1531);
#1339=LINE('',#3439,#1532);
#1340=LINE('',#3442,#1533);
#1341=LINE('',#3444,#1534);
#1342=LINE('',#3446,#1535);
#1343=LINE('',#3448,#1536);
#1344=LINE('',#3450,#1537);
#1345=LINE('',#3452,#1538);
#1346=LINE('',#3455,#1539);
#1347=LINE('',#3457,#1540);
#1348=LINE('',#3459,#1541);
#1349=LINE('',#3465,#1542);
#1350=LINE('',#3471,#1543);
#1351=LINE('',#3473,#1544);
#1352=LINE('',#3474,#1545);
#1353=LINE('',#3476,#1546);
#1354=LINE('',#3478,#1547);
#1355=LINE('',#3479,#1548);
#1356=LINE('',#3481,#1549);
#1357=LINE('',#3482,#1550);
#1358=LINE('',#3484,#1551);
#1359=LINE('',#3486,#1552);
#1360=LINE('',#3487,#1553);
#1361=LINE('',#3491,#1554);
#1362=LINE('',#3494,#1555);
#1363=LINE('',#3496,#1556);
#1364=LINE('',#3498,#1557);
#1365=LINE('',#3504,#1558);
#1366=LINE('',#3510,#1559);
#1367=LINE('',#3512,#1560);
#1368=LINE('',#3513,#1561);
#1369=LINE('',#3514,#1562);
#1370=LINE('',#3516,#1563);
#1371=LINE('',#3518,#1564);
#1372=LINE('',#3520,#1565);
#1373=LINE('',#3521,#1566);
#1374=LINE('',#3522,#1567);
#1375=LINE('',#3524,#1568);
#1376=LINE('',#3526,#1569);
#1377=LINE('',#3530,#1570);
#1378=LINE('',#3532,#1571);
#1379=LINE('',#3535,#1572);
#1380=LINE('',#3537,#1573);
#1381=VECTOR('',#2338,1.);
#1382=VECTOR('',#2339,1.);
#1383=VECTOR('',#2340,1.);
#1384=VECTOR('',#2341,1.);
#1385=VECTOR('',#2348,1.);
#1386=VECTOR('',#2349,1.);
#1387=VECTOR('',#2350,1.);
#1388=VECTOR('',#2351,1.);
#1389=VECTOR('',#2354,1.);
#1390=VECTOR('',#2355,1.);
#1391=VECTOR('',#2356,1.);
#1392=VECTOR('',#2357,1.);
#1393=VECTOR('',#2358,1.);
#1394=VECTOR('',#2359,1.);
#1395=VECTOR('',#2362,1.);
#1396=VECTOR('',#2363,1.);
#1397=VECTOR('',#2364,1.);
#1398=VECTOR('',#2365,1.);
#1399=VECTOR('',#2366,1.);
#1400=VECTOR('',#2367,1.);
#1401=VECTOR('',#2370,1.);
#1402=VECTOR('',#2371,1.);
#1403=VECTOR('',#2372,1.);
#1404=VECTOR('',#2373,1.);
#1405=VECTOR('',#2376,1.);
#1406=VECTOR('',#2377,1.);
#1407=VECTOR('',#2378,1.);
#1408=VECTOR('',#2379,1.);
#1409=VECTOR('',#2382,1.);
#1410=VECTOR('',#2383,1.);
#1411=VECTOR('',#2384,1.);
#1412=VECTOR('',#2385,1.);
#1413=VECTOR('',#2392,1.);
#1414=VECTOR('',#2395,1.);
#1415=VECTOR('',#2398,1.);
#1416=VECTOR('',#2401,1.);
#1417=VECTOR('',#2416,1.);
#1418=VECTOR('',#2417,1.);
#1419=VECTOR('',#2418,1.);
#1420=VECTOR('',#2419,1.);
#1421=VECTOR('',#2422,1.);
#1422=VECTOR('',#2423,1.);
#1423=VECTOR('',#2424,1.);
#1424=VECTOR('',#2425,1.);
#1425=VECTOR('',#2440,1.);
#1426=VECTOR('',#2447,1.);
#1427=VECTOR('',#2454,1.);
#1428=VECTOR('',#2461,1.);
#1429=VECTOR('',#2468,1.);
#1430=VECTOR('',#2475,1.);
#1431=VECTOR('',#2482,1.);
#1432=VECTOR('',#2483,1.);
#1433=VECTOR('',#2484,1.);
#1434=VECTOR('',#2485,1.);
#1435=VECTOR('',#2486,1.);
#1436=VECTOR('',#2487,1.);
#1437=VECTOR('',#2494,1.);
#1438=VECTOR('',#2497,1.);
#1439=VECTOR('',#2500,1.);
#1440=VECTOR('',#2503,1.);
#1441=VECTOR('',#2510,1.);
#1442=VECTOR('',#2517,1.);
#1443=VECTOR('',#2518,1.);
#1444=VECTOR('',#2519,1.);
#1445=VECTOR('',#2520,1.);
#1446=VECTOR('',#2527,1.);
#1447=VECTOR('',#2528,1.);
#1448=VECTOR('',#2529,1.);
#1449=VECTOR('',#2530,1.);
#1450=VECTOR('',#2531,1.);
#1451=VECTOR('',#2532,1.);
#1452=VECTOR('',#2535,1.);
#1453=VECTOR('',#2536,1.);
#1454=VECTOR('',#2537,1.);
#1455=VECTOR('',#2538,1.);
#1456=VECTOR('',#2539,1.);
#1457=VECTOR('',#2540,1.);
#1458=VECTOR('',#2541,1.);
#1459=VECTOR('',#2544,1.);
#1460=VECTOR('',#2545,1.);
#1461=VECTOR('',#2546,1.);
#1462=VECTOR('',#2549,1.);
#1463=VECTOR('',#2556,1.);
#1464=VECTOR('',#2563,1.);
#1465=VECTOR('',#2570,1.);
#1466=VECTOR('',#2571,1.);
#1467=VECTOR('',#2572,1.);
#1468=VECTOR('',#2583,1.);
#1469=VECTOR('',#2584,1.);
#1470=VECTOR('',#2585,1.);
#1471=VECTOR('',#2588,1.);
#1472=VECTOR('',#2589,1.);
#1473=VECTOR('',#2590,1.);
#1474=VECTOR('',#2591,1.);
#1475=VECTOR('',#2592,1.);
#1476=VECTOR('',#2593,1.);
#1477=VECTOR('',#2596,1.);
#1478=VECTOR('',#2597,1.);
#1479=VECTOR('',#2598,1.);
#1480=VECTOR('',#2601,1.);
#1481=VECTOR('',#2602,1.);
#1482=VECTOR('',#2605,1.);
#1483=VECTOR('',#2606,1.);
#1484=VECTOR('',#2609,1.);
#1485=VECTOR('',#2610,1.);
#1486=VECTOR('',#2613,1.);
#1487=VECTOR('',#2614,1.);
#1488=VECTOR('',#2629,1.);
#1489=VECTOR('',#2630,1.);
#1490=VECTOR('',#2633,1.);
#1491=VECTOR('',#2634,1.);
#1492=VECTOR('',#2635,1.);
#1493=VECTOR('',#2636,1.);
#1494=VECTOR('',#2639,1.);
#1495=VECTOR('',#2640,1.);
#1496=VECTOR('',#2641,1.);
#1497=VECTOR('',#2642,1.);
#1498=VECTOR('',#2645,1.);
#1499=VECTOR('',#2648,1.);
#1500=VECTOR('',#2655,1.);
#1501=VECTOR('',#2656,1.);
#1502=VECTOR('',#2671,1.);
#1503=VECTOR('',#2672,1.);
#1504=VECTOR('',#2675,1.);
#1505=VECTOR('',#2678,1.);
#1506=VECTOR('',#2697,1.);
#1507=VECTOR('',#2698,1.);
#1508=VECTOR('',#2709,1.);
#1509=VECTOR('',#2716,1.);
#1510=VECTOR('',#2717,1.);
#1511=VECTOR('',#2724,1.);
#1512=VECTOR('',#2725,1.);
#1513=VECTOR('',#2732,1.);
#1514=VECTOR('',#2751,1.);
#1515=VECTOR('',#2752,1.);
#1516=VECTOR('',#2757,1.);
#1517=VECTOR('',#2758,1.);
#1518=VECTOR('',#2761,1.);
#1519=VECTOR('',#2762,1.);
#1520=VECTOR('',#2791,1.);
#1521=VECTOR('',#2794,1.);
#1522=VECTOR('',#2799,1.);
#1523=VECTOR('',#2800,1.);
#1524=VECTOR('',#2809,1.);
#1525=VECTOR('',#2810,1.);
#1526=VECTOR('',#2835,1.);
#1527=VECTOR('',#2836,1.);
#1528=VECTOR('',#2837,1.);
#1529=VECTOR('',#2838,1.);
#1530=VECTOR('',#2839,1.);
#1531=VECTOR('',#2840,1.);
#1532=VECTOR('',#2843,1.);
#1533=VECTOR('',#2844,1.);
#1534=VECTOR('',#2845,1.);
#1535=VECTOR('',#2846,1.);
#1536=VECTOR('',#2847,1.);
#1537=VECTOR('',#2848,1.);
#1538=VECTOR('',#2851,1.);
#1539=VECTOR('',#2852,1.);
#1540=VECTOR('',#2853,1.);
#1541=VECTOR('',#2854,1.);
#1542=VECTOR('',#2861,1.);
#1543=VECTOR('',#2868,1.);
#1544=VECTOR('',#2871,1.);
#1545=VECTOR('',#2872,1.);
#1546=VECTOR('',#2873,1.);
#1547=VECTOR('',#2874,1.);
#1548=VECTOR('',#2875,1.);
#1549=VECTOR('',#2878,1.);
#1550=VECTOR('',#2879,1.);
#1551=VECTOR('',#2880,1.);
#1552=VECTOR('',#2881,1.);
#1553=VECTOR('',#2882,1.);
#1554=VECTOR('',#2889,1.);
#1555=VECTOR('',#2890,1.);
#1556=VECTOR('',#2891,1.);
#1557=VECTOR('',#2892,1.);
#1558=VECTOR('',#2899,1.);
#1559=VECTOR('',#2906,1.);
#1560=VECTOR('',#2909,1.);
#1561=VECTOR('',#2910,1.);
#1562=VECTOR('',#2911,1.);
#1563=VECTOR('',#2912,1.);
#1564=VECTOR('',#2913,1.);
#1565=VECTOR('',#2916,1.);
#1566=VECTOR('',#2917,1.);
#1567=VECTOR('',#2918,1.);
#1568=VECTOR('',#2919,1.);
#1569=VECTOR('',#2920,1.);
#1570=VECTOR('',#2927,1.);
#1571=VECTOR('',#2930,1.);
#1572=VECTOR('',#2935,1.);
#1573=VECTOR('',#2938,1.);
#1574=EDGE_LOOP('',(#147,#148,#149,#150));
#1575=EDGE_LOOP('',(#151));
#1576=EDGE_LOOP('',(#152));
#1577=EDGE_LOOP('',(#153,#154,#155,#156));
#1578=EDGE_LOOP('',(#157,#158,#159,#160,#161,#162,#163,#164));
#1579=EDGE_LOOP('',(#165,#166,#167,#168,#169,#170,#171,#172));
#1580=EDGE_LOOP('',(#173,#174,#175,#176));
#1581=EDGE_LOOP('',(#177,#178,#179,#180));
#1582=EDGE_LOOP('',(#181,#182,#183,#184));
#1583=EDGE_LOOP('',(#185,#186,#187,#188));
#1584=EDGE_LOOP('',(#189));
#1585=EDGE_LOOP('',(#190));
#1586=EDGE_LOOP('',(#191,#192,#193,#194));
#1587=EDGE_LOOP('',(#195,#196,#197,#198));
#1588=EDGE_LOOP('',(#199,#200,#201,#202));
#1589=EDGE_LOOP('',(#203,#204,#205,#206));
#1590=EDGE_LOOP('',(#207,#208,#209,#210));
#1591=EDGE_LOOP('',(#211,#212,#213,#214));
#1592=EDGE_LOOP('',(#215));
#1593=EDGE_LOOP('',(#216));
#1594=EDGE_LOOP('',(#217));
#1595=EDGE_LOOP('',(#218));
#1596=EDGE_LOOP('',(#219,#220,#221,#222));
#1597=EDGE_LOOP('',(#223,#224,#225,#226));
#1598=EDGE_LOOP('',(#227,#228,#229,#230));
#1599=EDGE_LOOP('',(#231,#232,#233,#234));
#1600=EDGE_LOOP('',(#235));
#1601=EDGE_LOOP('',(#236));
#1602=EDGE_LOOP('',(#237));
#1603=EDGE_LOOP('',(#238));
#1604=EDGE_LOOP('',(#239));
#1605=EDGE_LOOP('',(#240));
#1606=EDGE_LOOP('',(#241));
#1607=EDGE_LOOP('',(#242,#243,#244,#245,#246,#247,#248,#249,#250,#251,#252,
#253,#254,#255,#256,#257,#258,#259,#260,#261,#262,#263,#264,#265,#266,#267,
#268,#269,#270,#271,#272,#273,#274,#275,#276));
#1608=EDGE_LOOP('',(#277,#278,#279,#280));
#1609=EDGE_LOOP('',(#281,#282,#283,#284,#285,#286,#287,#288,#289,#290,#291,
#292));
#1610=EDGE_LOOP('',(#293));
#1611=EDGE_LOOP('',(#294));
#1612=EDGE_LOOP('',(#295,#296,#297,#298,#299,#300,#301,#302));
#1613=EDGE_LOOP('',(#303,#304,#305,#306,#307,#308,#309,#310));
#1614=EDGE_LOOP('',(#311,#312,#313,#314));
#1615=EDGE_LOOP('',(#315,#316,#317,#318,#319,#320,#321,#322,#323,#324,#325,
#326,#327,#328,#329,#330,#331,#332));
#1616=EDGE_LOOP('',(#333));
#1617=EDGE_LOOP('',(#334));
#1618=EDGE_LOOP('',(#335));
#1619=EDGE_LOOP('',(#336));
#1620=EDGE_LOOP('',(#337,#338,#339,#340));
#1621=EDGE_LOOP('',(#341,#342,#343,#344,#345,#346,#347,#348));
#1622=EDGE_LOOP('',(#349,#350,#351,#352));
#1623=EDGE_LOOP('',(#353,#354,#355,#356));
#1624=EDGE_LOOP('',(#357,#358,#359,#360));
#1625=EDGE_LOOP('',(#361,#362,#363,#364));
#1626=EDGE_LOOP('',(#365,#366,#367,#368));
#1627=EDGE_LOOP('',(#369));
#1628=EDGE_LOOP('',(#370));
#1629=EDGE_LOOP('',(#371));
#1630=EDGE_LOOP('',(#372));
#1631=EDGE_LOOP('',(#373));
#1632=EDGE_LOOP('',(#374));
#1633=EDGE_LOOP('',(#375,#376,#377,#378));
#1634=EDGE_LOOP('',(#379));
#1635=EDGE_LOOP('',(#380,#381,#382,#383));
#1636=EDGE_LOOP('',(#384,#385,#386,#387,#388,#389,#390,#391));
#1637=EDGE_LOOP('',(#392,#393,#394,#395));
#1638=EDGE_LOOP('',(#396,#397,#398,#399,#400,#401,#402,#403,#404,#405,#406,
#407,#408,#409,#410));
#1639=EDGE_LOOP('',(#411));
#1640=EDGE_LOOP('',(#412));
#1641=EDGE_LOOP('',(#413));
#1642=EDGE_LOOP('',(#414));
#1643=EDGE_LOOP('',(#415));
#1644=EDGE_LOOP('',(#416,#417,#418,#419));
#1645=EDGE_LOOP('',(#420,#421,#422,#423));
#1646=EDGE_LOOP('',(#424,#425,#426,#427));
#1647=EDGE_LOOP('',(#428,#429,#430,#431));
#1648=EDGE_LOOP('',(#432));
#1649=EDGE_LOOP('',(#433));
#1650=EDGE_LOOP('',(#434));
#1651=EDGE_LOOP('',(#435));
#1652=EDGE_LOOP('',(#436));
#1653=EDGE_LOOP('',(#437));
#1654=EDGE_LOOP('',(#438));
#1655=EDGE_LOOP('',(#439));
#1656=EDGE_LOOP('',(#440));
#1657=EDGE_LOOP('',(#441));
#1658=EDGE_LOOP('',(#442));
#1659=EDGE_LOOP('',(#443));
#1660=EDGE_LOOP('',(#444,#445,#446,#447));
#1661=EDGE_LOOP('',(#448));
#1662=EDGE_LOOP('',(#449));
#1663=EDGE_LOOP('',(#450));
#1664=EDGE_LOOP('',(#451));
#1665=EDGE_LOOP('',(#452,#453,#454,#455));
#1666=EDGE_LOOP('',(#456));
#1667=EDGE_LOOP('',(#457));
#1668=EDGE_LOOP('',(#458,#459,#460,#461));
#1669=EDGE_LOOP('',(#462));
#1670=EDGE_LOOP('',(#463));
#1671=EDGE_LOOP('',(#464,#465,#466,#467));
#1672=EDGE_LOOP('',(#468));
#1673=EDGE_LOOP('',(#469));
#1674=EDGE_LOOP('',(#470,#471,#472,#473));
#1675=EDGE_LOOP('',(#474));
#1676=EDGE_LOOP('',(#475));
#1677=EDGE_LOOP('',(#476));
#1678=EDGE_LOOP('',(#477));
#1679=EDGE_LOOP('',(#478));
#1680=EDGE_LOOP('',(#479));
#1681=EDGE_LOOP('',(#480));
#1682=EDGE_LOOP('',(#481));
#1683=EDGE_LOOP('',(#482,#483,#484,#485));
#1684=EDGE_LOOP('',(#486));
#1685=EDGE_LOOP('',(#487,#488,#489,#490));
#1686=EDGE_LOOP('',(#491,#492,#493,#494));
#1687=EDGE_LOOP('',(#495,#496,#497,#498,#499,#500));
#1688=EDGE_LOOP('',(#501,#502,#503,#504));
#1689=EDGE_LOOP('',(#505,#506,#507,#508));
#1690=EDGE_LOOP('',(#509,#510,#511,#512));
#1691=EDGE_LOOP('',(#513,#514,#515,#516));
#1692=EDGE_LOOP('',(#517,#518,#519,#520));
#1693=EDGE_LOOP('',(#521,#522,#523,#524));
#1694=EDGE_LOOP('',(#525,#526,#527,#528,#529,#530));
#1695=EDGE_LOOP('',(#531,#532,#533,#534,#535,#536));
#1696=EDGE_LOOP('',(#537,#538,#539,#540));
#1697=EDGE_LOOP('',(#541,#542,#543,#544));
#1698=EDGE_LOOP('',(#545,#546,#547,#548));
#1699=EDGE_LOOP('',(#549,#550,#551,#552));
#1700=EDGE_LOOP('',(#553,#554,#555,#556));
#1701=EDGE_LOOP('',(#557,#558,#559,#560));
#1702=EDGE_LOOP('',(#561));
#1703=EDGE_LOOP('',(#562));
#1704=EDGE_LOOP('',(#563));
#1705=EDGE_LOOP('',(#564,#565,#566,#567));
#1706=EDGE_LOOP('',(#568));
#1707=EDGE_LOOP('',(#569));
#1708=EDGE_LOOP('',(#570));
#1709=EDGE_LOOP('',(#571,#572,#573,#574));
#1710=EDGE_LOOP('',(#575,#576,#577,#578));
#1711=EDGE_LOOP('',(#579,#580,#581,#582));
#1712=EDGE_LOOP('',(#583,#584,#585,#586));
#1713=EDGE_LOOP('',(#587));
#1714=EDGE_LOOP('',(#588));
#1715=EDGE_LOOP('',(#589,#590,#591,#592));
#1716=EDGE_LOOP('',(#593,#594,#595,#596));
#1717=EDGE_LOOP('',(#597,#598,#599,#600,#601,#602));
#1718=EDGE_LOOP('',(#603,#604,#605,#606,#607,#608));
#1719=EDGE_LOOP('',(#609,#610,#611,#612));
#1720=EDGE_LOOP('',(#613,#614,#615,#616));
#1721=EDGE_LOOP('',(#617,#618,#619,#620));
#1722=EDGE_LOOP('',(#621,#622,#623,#624,#625,#626));
#1723=EDGE_LOOP('',(#627,#628,#629,#630,#631,#632));
#1724=EDGE_LOOP('',(#633,#634,#635,#636,#637,#638));
#1725=EDGE_LOOP('',(#639,#640,#641,#642,#643,#644));
#1726=EDGE_LOOP('',(#645,#646,#647,#648));
#1727=EDGE_LOOP('',(#649,#650,#651,#652));
#1728=EDGE_LOOP('',(#653,#654,#655,#656));
#1729=EDGE_LOOP('',(#657,#658,#659,#660,#661,#662,#663,#664));
#1730=EDGE_LOOP('',(#665,#666,#667,#668,#669,#670,#671,#672));
#1731=EDGE_LOOP('',(#673,#674,#675,#676,#677,#678));
#1732=EDGE_LOOP('',(#679,#680,#681,#682,#683,#684));
#1733=EDGE_LOOP('',(#685,#686,#687,#688));
#1734=EDGE_LOOP('',(#689,#690,#691,#692));
#1735=EDGE_LOOP('',(#693,#694,#695,#696));
#1736=EDGE_LOOP('',(#697,#698,#699,#700));
#1737=EDGE_LOOP('',(#701,#702,#703,#704));
#1738=EDGE_LOOP('',(#705,#706,#707,#708));
#1739=FACE_BOUND('',#1574,.T.);
#1740=FACE_BOUND('',#1575,.T.);
#1741=FACE_BOUND('',#1576,.T.);
#1742=FACE_BOUND('',#1577,.T.);
#1743=FACE_BOUND('',#1578,.T.);
#1744=FACE_BOUND('',#1579,.T.);
#1745=FACE_BOUND('',#1580,.T.);
#1746=FACE_BOUND('',#1581,.T.);
#1747=FACE_BOUND('',#1582,.T.);
#1748=FACE_BOUND('',#1583,.T.);
#1749=FACE_BOUND('',#1584,.T.);
#1750=FACE_BOUND('',#1585,.T.);
#1751=FACE_BOUND('',#1586,.T.);
#1752=FACE_BOUND('',#1587,.T.);
#1753=FACE_BOUND('',#1588,.T.);
#1754=FACE_BOUND('',#1589,.T.);
#1755=FACE_BOUND('',#1590,.T.);
#1756=FACE_BOUND('',#1591,.T.);
#1757=FACE_BOUND('',#1592,.T.);
#1758=FACE_BOUND('',#1593,.T.);
#1759=FACE_BOUND('',#1594,.T.);
#1760=FACE_BOUND('',#1595,.T.);
#1761=FACE_BOUND('',#1596,.T.);
#1762=FACE_BOUND('',#1597,.T.);
#1763=FACE_BOUND('',#1598,.T.);
#1764=FACE_BOUND('',#1599,.T.);
#1765=FACE_BOUND('',#1600,.T.);
#1766=FACE_BOUND('',#1601,.T.);
#1767=FACE_BOUND('',#1602,.T.);
#1768=FACE_BOUND('',#1603,.T.);
#1769=FACE_BOUND('',#1604,.T.);
#1770=FACE_BOUND('',#1605,.T.);
#1771=FACE_BOUND('',#1606,.T.);
#1772=FACE_BOUND('',#1607,.T.);
#1773=FACE_BOUND('',#1608,.T.);
#1774=FACE_BOUND('',#1609,.T.);
#1775=FACE_BOUND('',#1610,.T.);
#1776=FACE_BOUND('',#1611,.T.);
#1777=FACE_BOUND('',#1612,.T.);
#1778=FACE_BOUND('',#1613,.T.);
#1779=FACE_BOUND('',#1614,.T.);
#1780=FACE_BOUND('',#1615,.T.);
#1781=FACE_BOUND('',#1616,.T.);
#1782=FACE_BOUND('',#1617,.T.);
#1783=FACE_BOUND('',#1618,.T.);
#1784=FACE_BOUND('',#1619,.T.);
#1785=FACE_BOUND('',#1620,.T.);
#1786=FACE_BOUND('',#1621,.T.);
#1787=FACE_BOUND('',#1622,.T.);
#1788=FACE_BOUND('',#1623,.T.);
#1789=FACE_BOUND('',#1624,.T.);
#1790=FACE_BOUND('',#1625,.T.);
#1791=FACE_BOUND('',#1626,.T.);
#1792=FACE_BOUND('',#1627,.T.);
#1793=FACE_BOUND('',#1628,.T.);
#1794=FACE_BOUND('',#1629,.T.);
#1795=FACE_BOUND('',#1630,.T.);
#1796=FACE_BOUND('',#1631,.T.);
#1797=FACE_BOUND('',#1632,.T.);
#1798=FACE_BOUND('',#1633,.T.);
#1799=FACE_BOUND('',#1634,.T.);
#1800=FACE_BOUND('',#1635,.T.);
#1801=FACE_BOUND('',#1636,.T.);
#1802=FACE_BOUND('',#1637,.T.);
#1803=FACE_BOUND('',#1638,.T.);
#1804=FACE_BOUND('',#1639,.T.);
#1805=FACE_BOUND('',#1640,.T.);
#1806=FACE_BOUND('',#1641,.T.);
#1807=FACE_BOUND('',#1642,.T.);
#1808=FACE_BOUND('',#1643,.T.);
#1809=FACE_BOUND('',#1644,.T.);
#1810=FACE_BOUND('',#1645,.T.);
#1811=FACE_BOUND('',#1646,.T.);
#1812=FACE_BOUND('',#1647,.T.);
#1813=FACE_BOUND('',#1648,.T.);
#1814=FACE_BOUND('',#1649,.T.);
#1815=FACE_BOUND('',#1650,.T.);
#1816=FACE_BOUND('',#1651,.T.);
#1817=FACE_BOUND('',#1652,.T.);
#1818=FACE_BOUND('',#1653,.T.);
#1819=FACE_BOUND('',#1654,.T.);
#1820=FACE_BOUND('',#1655,.T.);
#1821=FACE_BOUND('',#1656,.T.);
#1822=FACE_BOUND('',#1657,.T.);
#1823=FACE_BOUND('',#1658,.T.);
#1824=FACE_BOUND('',#1659,.T.);
#1825=FACE_BOUND('',#1660,.T.);
#1826=FACE_BOUND('',#1661,.T.);
#1827=FACE_BOUND('',#1662,.T.);
#1828=FACE_BOUND('',#1663,.T.);
#1829=FACE_BOUND('',#1664,.T.);
#1830=FACE_BOUND('',#1665,.T.);
#1831=FACE_BOUND('',#1666,.T.);
#1832=FACE_BOUND('',#1667,.T.);
#1833=FACE_BOUND('',#1668,.T.);
#1834=FACE_BOUND('',#1669,.T.);
#1835=FACE_BOUND('',#1670,.T.);
#1836=FACE_BOUND('',#1671,.T.);
#1837=FACE_BOUND('',#1672,.T.);
#1838=FACE_BOUND('',#1673,.T.);
#1839=FACE_BOUND('',#1674,.T.);
#1840=FACE_BOUND('',#1675,.T.);
#1841=FACE_BOUND('',#1676,.T.);
#1842=FACE_BOUND('',#1677,.T.);
#1843=FACE_BOUND('',#1678,.T.);
#1844=FACE_BOUND('',#1679,.T.);
#1845=FACE_BOUND('',#1680,.T.);
#1846=FACE_BOUND('',#1681,.T.);
#1847=FACE_BOUND('',#1682,.T.);
#1848=FACE_BOUND('',#1683,.T.);
#1849=FACE_BOUND('',#1684,.T.);
#1850=FACE_BOUND('',#1685,.T.);
#1851=FACE_BOUND('',#1686,.T.);
#1852=FACE_BOUND('',#1687,.T.);
#1853=FACE_BOUND('',#1688,.T.);
#1854=FACE_BOUND('',#1689,.T.);
#1855=FACE_BOUND('',#1690,.T.);
#1856=FACE_BOUND('',#1691,.T.);
#1857=FACE_BOUND('',#1692,.T.);
#1858=FACE_BOUND('',#1693,.T.);
#1859=FACE_BOUND('',#1694,.T.);
#1860=FACE_BOUND('',#1695,.T.);
#1861=FACE_BOUND('',#1696,.T.);
#1862=FACE_BOUND('',#1697,.T.);
#1863=FACE_BOUND('',#1698,.T.);
#1864=FACE_BOUND('',#1699,.T.);
#1865=FACE_BOUND('',#1700,.T.);
#1866=FACE_BOUND('',#1701,.T.);
#1867=FACE_BOUND('',#1702,.T.);
#1868=FACE_BOUND('',#1703,.T.);
#1869=FACE_BOUND('',#1704,.T.);
#1870=FACE_BOUND('',#1705,.T.);
#1871=FACE_BOUND('',#1706,.T.);
#1872=FACE_BOUND('',#1707,.T.);
#1873=FACE_BOUND('',#1708,.T.);
#1874=FACE_BOUND('',#1709,.T.);
#1875=FACE_BOUND('',#1710,.T.);
#1876=FACE_BOUND('',#1711,.T.);
#1877=FACE_BOUND('',#1712,.T.);
#1878=FACE_BOUND('',#1713,.T.);
#1879=FACE_BOUND('',#1714,.T.);
#1880=FACE_BOUND('',#1715,.T.);
#1881=FACE_BOUND('',#1716,.T.);
#1882=FACE_BOUND('',#1717,.T.);
#1883=FACE_BOUND('',#1718,.T.);
#1884=FACE_BOUND('',#1719,.T.);
#1885=FACE_BOUND('',#1720,.T.);
#1886=FACE_BOUND('',#1721,.T.);
#1887=FACE_BOUND('',#1722,.T.);
#1888=FACE_BOUND('',#1723,.T.);
#1889=FACE_BOUND('',#1724,.T.);
#1890=FACE_BOUND('',#1725,.T.);
#1891=FACE_BOUND('',#1726,.T.);
#1892=FACE_BOUND('',#1727,.T.);
#1893=FACE_BOUND('',#1728,.T.);
#1894=FACE_BOUND('',#1729,.T.);
#1895=FACE_BOUND('',#1730,.T.);
#1896=FACE_BOUND('',#1731,.T.);
#1897=FACE_BOUND('',#1732,.T.);
#1898=FACE_BOUND('',#1733,.T.);
#1899=FACE_BOUND('',#1734,.T.);
#1900=FACE_BOUND('',#1735,.T.);
#1901=FACE_BOUND('',#1736,.T.);
#1902=FACE_BOUND('',#1737,.T.);
#1903=FACE_BOUND('',#1738,.T.);
#1904=PLANE('',#2128);
#1905=PLANE('',#2129);
#1906=PLANE('',#2132);
#1907=PLANE('',#2133);
#1908=PLANE('',#2134);
#1909=PLANE('',#2135);
#1910=PLANE('',#2136);
#1911=PLANE('',#2139);
#1912=PLANE('',#2140);
#1913=PLANE('',#2141);
#1914=PLANE('',#2142);
#1915=PLANE('',#2143);
#1916=PLANE('',#2146);
#1917=PLANE('',#2147);
#1918=PLANE('',#2149);
#1919=PLANE('',#2150);
#1920=PLANE('',#2181);
#1921=PLANE('',#2190);
#1922=PLANE('',#2191);
#1923=PLANE('',#2192);
#1924=PLANE('',#2193);
#1925=PLANE('',#2207);
#1926=PLANE('',#2208);
#1927=PLANE('',#2209);
#1928=PLANE('',#2210);
#1929=PLANE('',#2211);
#1930=PLANE('',#2212);
#1931=PLANE('',#2213);
#1932=PLANE('',#2214);
#1933=PLANE('',#2222);
#1934=PLANE('',#2223);
#1935=PLANE('',#2224);
#1936=PLANE('',#2234);
#1937=PLANE('',#2235);
#1938=PLANE('',#2236);
#1939=PLANE('',#2237);
#1940=PLANE('',#2260);
#1941=PLANE('',#2261);
#1942=PLANE('',#2262);
#1943=PLANE('',#2263);
#1944=PLANE('',#2264);
#1945=PLANE('',#2265);
#1946=PLANE('',#2269);
#1947=PLANE('',#2270);
#1948=PLANE('',#2271);
#1949=PLANE('',#2272);
#1950=PLANE('',#2283);
#1951=PLANE('',#2284);
#1952=PLANE('',#2285);
#1953=PLANE('',#2286);
#1954=PLANE('',#2287);
#1955=PLANE('',#2291);
#1956=PLANE('',#2295);
#1957=PLANE('',#2301);
#1958=PLANE('',#2302);
#1959=PLANE('',#2304);
#1960=PLANE('',#2305);
#1961=PLANE('',#2306);
#1962=PLANE('',#2313);
#1963=PLANE('',#2314);
#1964=PLANE('',#2315);
#1965=PLANE('',#2316);
#1966=PLANE('',#2317);
#1967=PLANE('',#2324);
#1968=PLANE('',#2325);
#1969=PLANE('',#2326);
#1970=PLANE('',#2327);
#1971=PLANE('',#2328);
#1972=PLANE('',#2329);
#1973=PLANE('',#2330);
#1974=PLANE('',#2331);
#1975=PLANE('',#2332);
#1976=PLANE('',#2333);
#1977=ADVANCED_FACE('',(#1739),#1904,.F.);
#1978=ADVANCED_FACE('',(#1740,#1741,#1742),#1905,.F.);
#1979=ADVANCED_FACE('',(#1743),#1906,.F.);
#1980=ADVANCED_FACE('',(#1744),#1907,.F.);
#1981=ADVANCED_FACE('',(#1745),#1908,.T.);
#1982=ADVANCED_FACE('',(#1746),#1909,.T.);
#1983=ADVANCED_FACE('',(#1747,#1748,#1749,#1750),#1910,.F.);
#1984=ADVANCED_FACE('',(#1751),#1911,.F.);
#1985=ADVANCED_FACE('',(#1752),#1912,.F.);
#1986=ADVANCED_FACE('',(#1753),#1913,.T.);
#1987=ADVANCED_FACE('',(#1754),#1914,.T.);
#1988=ADVANCED_FACE('',(#1755,#1756),#1915,.T.);
#1989=ADVANCED_FACE('',(#1757,#1758),#16,.F.);
#1990=ADVANCED_FACE('',(#1759,#1760),#17,.F.);
#1991=ADVANCED_FACE('',(#1761),#1916,.F.);
#1992=ADVANCED_FACE('',(#1762),#1917,.F.);
#1993=ADVANCED_FACE('',(#1763),#1918,.F.);
#1994=ADVANCED_FACE('',(#1764,#1765,#1766,#1767,#1768,#1769,#1770,#1771,
#1772),#1919,.F.);
#1995=ADVANCED_FACE('',(#1773),#18,.T.);
#1996=ADVANCED_FACE('',(#1774,#1775,#1776),#1920,.F.);
#1997=ADVANCED_FACE('',(#1777),#1921,.F.);
#1998=ADVANCED_FACE('',(#1778),#1922,.T.);
#1999=ADVANCED_FACE('',(#1779),#1923,.F.);
#2000=ADVANCED_FACE('',(#1780,#1781,#1782,#1783,#1784),#1924,.F.);
#2001=ADVANCED_FACE('',(#1785),#1925,.F.);
#2002=ADVANCED_FACE('',(#1786),#1926,.T.);
#2003=ADVANCED_FACE('',(#1787),#1927,.F.);
#2004=ADVANCED_FACE('',(#1788),#1928,.F.);
#2005=ADVANCED_FACE('',(#1789),#1929,.F.);
#2006=ADVANCED_FACE('',(#1790),#1930,.F.);
#2007=ADVANCED_FACE('',(#1791),#1931,.F.);
#2008=ADVANCED_FACE('',(#1792,#1793,#1794,#1795,#1796,#1797,#1798,#1799,
#1800),#1932,.T.);
#2009=ADVANCED_FACE('',(#1801),#1933,.T.);
#2010=ADVANCED_FACE('',(#1802),#1934,.T.);
#2011=ADVANCED_FACE('',(#1803,#1804,#1805,#1806),#1935,.F.);
#2012=ADVANCED_FACE('',(#1807,#1808),#19,.F.);
#2013=ADVANCED_FACE('',(#1809),#1936,.F.);
#2014=ADVANCED_FACE('',(#1810),#1937,.T.);
#2015=ADVANCED_FACE('',(#1811),#1938,.T.);
#2016=ADVANCED_FACE('',(#1812),#1939,.T.);
#2017=ADVANCED_FACE('',(#1813,#1814),#20,.F.);
#2018=ADVANCED_FACE('',(#1815,#1816),#21,.F.);
#2019=ADVANCED_FACE('',(#1817,#1818),#22,.F.);
#2020=ADVANCED_FACE('',(#1819,#1820),#23,.F.);
#2021=ADVANCED_FACE('',(#1821,#1822),#24,.F.);
#2022=ADVANCED_FACE('',(#1823,#1824),#25,.F.);
#2023=ADVANCED_FACE('',(#1825),#26,.T.);
#2024=ADVANCED_FACE('',(#1826,#1827),#27,.F.);
#2025=ADVANCED_FACE('',(#1828,#1829),#28,.F.);
#2026=ADVANCED_FACE('',(#1830),#29,.T.);
#2027=ADVANCED_FACE('',(#1831,#1832),#30,.F.);
#2028=ADVANCED_FACE('',(#1833),#31,.T.);
#2029=ADVANCED_FACE('',(#1834,#1835),#32,.F.);
#2030=ADVANCED_FACE('',(#1836),#33,.T.);
#2031=ADVANCED_FACE('',(#1837,#1838),#34,.F.);
#2032=ADVANCED_FACE('',(#1839),#35,.T.);
#2033=ADVANCED_FACE('',(#1840),#1940,.F.);
#2034=ADVANCED_FACE('',(#1841),#1941,.F.);
#2035=ADVANCED_FACE('',(#1842),#1942,.F.);
#2036=ADVANCED_FACE('',(#1843),#1943,.F.);
#2037=ADVANCED_FACE('',(#1844),#1944,.F.);
#2038=ADVANCED_FACE('',(#1845),#1945,.F.);
#2039=ADVANCED_FACE('',(#1846,#1847),#36,.F.);
#2040=ADVANCED_FACE('',(#1848),#37,.T.);
#2041=ADVANCED_FACE('',(#1849),#1946,.F.);
#2042=ADVANCED_FACE('',(#1850),#1947,.T.);
#2043=ADVANCED_FACE('',(#1851),#1948,.F.);
#2044=ADVANCED_FACE('',(#1852),#1949,.T.);
#2045=ADVANCED_FACE('',(#1853),#38,.F.);
#2046=ADVANCED_FACE('',(#1854),#39,.F.);
#2047=ADVANCED_FACE('',(#1855),#40,.F.);
#2048=ADVANCED_FACE('',(#1856),#41,.F.);
#2049=ADVANCED_FACE('',(#1857),#42,.F.);
#2050=ADVANCED_FACE('',(#1858),#43,.F.);
#2051=ADVANCED_FACE('',(#1859),#44,.F.);
#2052=ADVANCED_FACE('',(#1860),#45,.F.);
#2053=ADVANCED_FACE('',(#1861),#1950,.F.);
#2054=ADVANCED_FACE('',(#1862),#1951,.T.);
#2055=ADVANCED_FACE('',(#1863),#1952,.T.);
#2056=ADVANCED_FACE('',(#1864),#1953,.T.);
#2057=ADVANCED_FACE('',(#1865),#1954,.T.);
#2058=ADVANCED_FACE('',(#1866),#46,.T.);
#2059=ADVANCED_FACE('',(#1867,#1868),#47,.F.);
#2060=ADVANCED_FACE('',(#1869),#1955,.F.);
#2061=ADVANCED_FACE('',(#1870),#48,.T.);
#2062=ADVANCED_FACE('',(#1871,#1872),#49,.F.);
#2063=ADVANCED_FACE('',(#1873),#1956,.F.);
#2064=ADVANCED_FACE('',(#1874),#50,.F.);
#2065=ADVANCED_FACE('',(#1875),#51,.F.);
#2066=ADVANCED_FACE('',(#1876),#52,.F.);
#2067=ADVANCED_FACE('',(#1877),#53,.F.);
#2068=ADVANCED_FACE('',(#1878,#1879),#54,.F.);
#2069=ADVANCED_FACE('',(#1880),#1957,.T.);
#2070=ADVANCED_FACE('',(#1881),#1958,.F.);
#2071=ADVANCED_FACE('',(#1882),#1959,.F.);
#2072=ADVANCED_FACE('',(#1883),#1960,.F.);
#2073=ADVANCED_FACE('',(#1884),#1961,.T.);
#2074=ADVANCED_FACE('',(#1885),#55,.F.);
#2075=ADVANCED_FACE('',(#1886),#56,.F.);
#2076=ADVANCED_FACE('',(#1887),#1962,.F.);
#2077=ADVANCED_FACE('',(#1888),#1963,.F.);
#2078=ADVANCED_FACE('',(#1889),#1964,.F.);
#2079=ADVANCED_FACE('',(#1890),#1965,.F.);
#2080=ADVANCED_FACE('',(#1891),#1966,.T.);
#2081=ADVANCED_FACE('',(#1892),#57,.T.);
#2082=ADVANCED_FACE('',(#1893),#58,.T.);
#2083=ADVANCED_FACE('',(#1894),#1967,.T.);
#2084=ADVANCED_FACE('',(#1895),#1968,.T.);
#2085=ADVANCED_FACE('',(#1896),#1969,.T.);
#2086=ADVANCED_FACE('',(#1897),#1970,.T.);
#2087=ADVANCED_FACE('',(#1898),#1971,.F.);
#2088=ADVANCED_FACE('',(#1899),#1972,.T.);
#2089=ADVANCED_FACE('',(#1900),#1973,.T.);
#2090=ADVANCED_FACE('',(#1901),#1974,.F.);
#2091=ADVANCED_FACE('',(#1902),#1975,.F.);
#2092=ADVANCED_FACE('',(#1903),#1976,.T.);
#2093=CLOSED_SHELL('',(#1977,#1978,#1979,#1980,#1981,#1982,#1983,#1984,
#1985,#1986,#1987,#1988,#1989,#1990,#1991,#1992));
#2094=CLOSED_SHELL('',(#1993,#1994,#1995,#1996,#1997,#1998,#1999,#2000,
#2001,#2002,#2003,#2004,#2005,#2006,#2007,#2008,#2009,#2010,#2011,#2012,
#2013,#2014,#2015,#2016,#2017,#2018,#2019,#2020,#2021,#2022,#2023,#2024,
#2025,#2026,#2027,#2028,#2029,#2030,#2031,#2032,#2033,#2034,#2035,#2036,
#2037,#2038,#2039,#2040,#2041,#2042,#2043,#2044,#2045,#2046,#2047,#2048,
#2049,#2050,#2051,#2052,#2053,#2054,#2055,#2056,#2057,#2058,#2059,#2060,
#2061,#2062,#2063,#2064,#2065,#2066,#2067,#2068,#2069,#2070));
#2095=CLOSED_SHELL('',(#2071,#2072,#2073,#2074,#2075,#2076,#2077,#2078,
#2079,#2080,#2081,#2082,#2083,#2084,#2085,#2086,#2087,#2088,#2089,#2090,
#2091,#2092));
#2096=STYLED_ITEM('',(#2099),#2118);
#2097=STYLED_ITEM('',(#2100),#2119);
#2098=STYLED_ITEM('',(#2101),#2120);
#2099=PRESENTATION_STYLE_ASSIGNMENT((#2102));
#2100=PRESENTATION_STYLE_ASSIGNMENT((#2103));
#2101=PRESENTATION_STYLE_ASSIGNMENT((#2104));
#2102=SURFACE_STYLE_USAGE(.BOTH.,#2105);
#2103=SURFACE_STYLE_USAGE(.BOTH.,#2106);
#2104=SURFACE_STYLE_USAGE(.BOTH.,#2107);
#2105=SURFACE_SIDE_STYLE('',(#2108));
#2106=SURFACE_SIDE_STYLE('',(#2109));
#2107=SURFACE_SIDE_STYLE('',(#2110));
#2108=SURFACE_STYLE_FILL_AREA(#2111);
#2109=SURFACE_STYLE_FILL_AREA(#2112);
#2110=SURFACE_STYLE_FILL_AREA(#2113);
#2111=FILL_AREA_STYLE('',(#2114));
#2112=FILL_AREA_STYLE('',(#2115));
#2113=FILL_AREA_STYLE('',(#2116));
#2114=FILL_AREA_STYLE_COLOUR('',#2117);
#2115=FILL_AREA_STYLE_COLOUR('',#2117);
#2116=FILL_AREA_STYLE_COLOUR('',#2117);
#2117=COLOUR_RGB('',0.615686274509804,0.811764705882353,0.929411764705882);
#2118=MANIFOLD_SOLID_BREP('Bottom',#2093);
#2119=MANIFOLD_SOLID_BREP('Top',#2094);
#2120=MANIFOLD_SOLID_BREP('Batt',#2095);
#2121=SHAPE_DEFINITION_REPRESENTATION(#3557,#2124);
#2122=SHAPE_DEFINITION_REPRESENTATION(#3558,#2125);
#2123=SHAPE_DEFINITION_REPRESENTATION(#3559,#2126);
#2124=SHAPE_REPRESENTATION('Bottom',(#2127),#3542);
#2125=SHAPE_REPRESENTATION('Top',(#2148),#3543);
#2126=SHAPE_REPRESENTATION('Batt',(#2303),#3544);
#2127=AXIS2_PLACEMENT_3D('',#2941,#2334,#2335);
#2128=AXIS2_PLACEMENT_3D('',#2942,#2336,#2337);
#2129=AXIS2_PLACEMENT_3D('',#2951,#2342,#2343);
#2130=AXIS2_PLACEMENT_3D('',#2952,#2344,#2345);
#2131=AXIS2_PLACEMENT_3D('',#2954,#2346,#2347);
#2132=AXIS2_PLACEMENT_3D('',#2964,#2352,#2353);
#2133=AXIS2_PLACEMENT_3D('',#2975,#2360,#2361);
#2134=AXIS2_PLACEMENT_3D('',#2986,#2368,#2369);
#2135=AXIS2_PLACEMENT_3D('',#2995,#2374,#2375);
#2136=AXIS2_PLACEMENT_3D('',#3004,#2380,#2381);
#2137=AXIS2_PLACEMENT_3D('',#3009,#2386,#2387);
#2138=AXIS2_PLACEMENT_3D('',#3011,#2388,#2389);
#2139=AXIS2_PLACEMENT_3D('',#3013,#2390,#2391);
#2140=AXIS2_PLACEMENT_3D('',#3015,#2393,#2394);
#2141=AXIS2_PLACEMENT_3D('',#3017,#2396,#2397);
#2142=AXIS2_PLACEMENT_3D('',#3019,#2399,#2400);
#2143=AXIS2_PLACEMENT_3D('',#3021,#2402,#2403);
#2144=AXIS2_PLACEMENT_3D('',#3022,#2404,#2405);
#2145=AXIS2_PLACEMENT_3D('',#3023,#2406,#2407);
#2146=AXIS2_PLACEMENT_3D('',#3024,#2408,#2409);
#2147=AXIS2_PLACEMENT_3D('',#3025,#2410,#2411);
#2148=AXIS2_PLACEMENT_3D('',#3026,#2412,#2413);
#2149=AXIS2_PLACEMENT_3D('',#3027,#2414,#2415);
#2150=AXIS2_PLACEMENT_3D('',#3036,#2420,#2421);
#2151=AXIS2_PLACEMENT_3D('',#3045,#2426,#2427);
#2152=AXIS2_PLACEMENT_3D('',#3047,#2428,#2429);
#2153=AXIS2_PLACEMENT_3D('',#3049,#2430,#2431);
#2154=AXIS2_PLACEMENT_3D('',#3051,#2432,#2433);
#2155=AXIS2_PLACEMENT_3D('',#3053,#2434,#2435);
#2156=AXIS2_PLACEMENT_3D('',#3055,#2436,#2437);
#2157=AXIS2_PLACEMENT_3D('',#3057,#2438,#2439);
#2158=AXIS2_PLACEMENT_3D('',#3062,#2441,#2442);
#2159=AXIS2_PLACEMENT_3D('',#3064,#2443,#2444);
#2160=AXIS2_PLACEMENT_3D('',#3066,#2445,#2446);
#2161=AXIS2_PLACEMENT_3D('',#3070,#2448,#2449);
#2162=AXIS2_PLACEMENT_3D('',#3072,#2450,#2451);
#2163=AXIS2_PLACEMENT_3D('',#3074,#2452,#2453);
#2164=AXIS2_PLACEMENT_3D('',#3078,#2455,#2456);
#2165=AXIS2_PLACEMENT_3D('',#3080,#2457,#2458);
#2166=AXIS2_PLACEMENT_3D('',#3082,#2459,#2460);
#2167=AXIS2_PLACEMENT_3D('',#3086,#2462,#2463);
#2168=AXIS2_PLACEMENT_3D('',#3088,#2464,#2465);
#2169=AXIS2_PLACEMENT_3D('',#3090,#2466,#2467);
#2170=AXIS2_PLACEMENT_3D('',#3094,#2469,#2470);
#2171=AXIS2_PLACEMENT_3D('',#3096,#2471,#2472);
#2172=AXIS2_PLACEMENT_3D('',#3098,#2473,#2474);
#2173=AXIS2_PLACEMENT_3D('',#3102,#2476,#2477);
#2174=AXIS2_PLACEMENT_3D('',#3104,#2478,#2479);
#2175=AXIS2_PLACEMENT_3D('',#3106,#2480,#2481);
#2176=AXIS2_PLACEMENT_3D('',#3119,#2488,#2489);
#2177=AXIS2_PLACEMENT_3D('',#3121,#2490,#2491);
#2178=AXIS2_PLACEMENT_3D('',#3123,#2492,#2493);
#2179=AXIS2_PLACEMENT_3D('',#3126,#2495,#2496);
#2180=AXIS2_PLACEMENT_3D('',#3129,#2498,#2499);
#2181=AXIS2_PLACEMENT_3D('',#3132,#2501,#2502);
#2182=AXIS2_PLACEMENT_3D('',#3136,#2504,#2505);
#2183=AXIS2_PLACEMENT_3D('',#3138,#2506,#2507);
#2184=AXIS2_PLACEMENT_3D('',#3140,#2508,#2509);
#2185=AXIS2_PLACEMENT_3D('',#3144,#2511,#2512);
#2186=AXIS2_PLACEMENT_3D('',#3146,#2513,#2514);
#2187=AXIS2_PLACEMENT_3D('',#3148,#2515,#2516);
#2188=AXIS2_PLACEMENT_3D('',#3157,#2521,#2522);
#2189=AXIS2_PLACEMENT_3D('',#3159,#2523,#2524);
#2190=AXIS2_PLACEMENT_3D('',#3161,#2525,#2526);
#2191=AXIS2_PLACEMENT_3D('',#3172,#2533,#2534);
#2192=AXIS2_PLACEMENT_3D('',#3186,#2542,#2543);
#2193=AXIS2_PLACEMENT_3D('',#3192,#2547,#2548);
#2194=AXIS2_PLACEMENT_3D('',#3195,#2550,#2551);
#2195=AXIS2_PLACEMENT_3D('',#3197,#2552,#2553);
#2196=AXIS2_PLACEMENT_3D('',#3199,#2554,#2555);
#2197=AXIS2_PLACEMENT_3D('',#3203,#2557,#2558);
#2198=AXIS2_PLACEMENT_3D('',#3205,#2559,#2560);
#2199=AXIS2_PLACEMENT_3D('',#3207,#2561,#2562);
#2200=AXIS2_PLACEMENT_3D('',#3211,#2564,#2565);
#2201=AXIS2_PLACEMENT_3D('',#3213,#2566,#2567);
#2202=AXIS2_PLACEMENT_3D('',#3215,#2568,#2569);
#2203=AXIS2_PLACEMENT_3D('',#3220,#2573,#2574);
#2204=AXIS2_PLACEMENT_3D('',#3222,#2575,#2576);
#2205=AXIS2_PLACEMENT_3D('',#3224,#2577,#2578);
#2206=AXIS2_PLACEMENT_3D('',#3226,#2579,#2580);
#2207=AXIS2_PLACEMENT_3D('',#3228,#2581,#2582);
#2208=AXIS2_PLACEMENT_3D('',#3234,#2586,#2587);
#2209=AXIS2_PLACEMENT_3D('',#3246,#2594,#2595);
#2210=AXIS2_PLACEMENT_3D('',#3252,#2599,#2600);
#2211=AXIS2_PLACEMENT_3D('',#3256,#2603,#2604);
#2212=AXIS2_PLACEMENT_3D('',#3259,#2607,#2608);
#2213=AXIS2_PLACEMENT_3D('',#3262,#2611,#2612);
#2214=AXIS2_PLACEMENT_3D('',#3265,#2615,#2616);
#2215=AXIS2_PLACEMENT_3D('',#3266,#2617,#2618);
#2216=AXIS2_PLACEMENT_3D('',#3268,#2619,#2620);
#2217=AXIS2_PLACEMENT_3D('',#3270,#2621,#2622);
#2218=AXIS2_PLACEMENT_3D('',#3272,#2623,#2624);
#2219=AXIS2_PLACEMENT_3D('',#3274,#2625,#2626);
#2220=AXIS2_PLACEMENT_3D('',#3276,#2627,#2628);
#2221=AXIS2_PLACEMENT_3D('',#3281,#2631,#2632);
#2222=AXIS2_PLACEMENT_3D('',#3291,#2637,#2638);
#2223=AXIS2_PLACEMENT_3D('',#3298,#2643,#2644);
#2224=AXIS2_PLACEMENT_3D('',#3300,#2646,#2647);
#2225=AXIS2_PLACEMENT_3D('',#3302,#2649,#2650);
#2226=AXIS2_PLACEMENT_3D('',#3304,#2651,#2652);
#2227=AXIS2_PLACEMENT_3D('',#3306,#2653,#2654);
#2228=AXIS2_PLACEMENT_3D('',#3310,#2657,#2658);
#2229=AXIS2_PLACEMENT_3D('',#3312,#2659,#2660);
#2230=AXIS2_PLACEMENT_3D('',#3313,#2661,#2662);
#2231=AXIS2_PLACEMENT_3D('',#3315,#2663,#2664);
#2232=AXIS2_PLACEMENT_3D('',#3317,#2665,#2666);
#2233=AXIS2_PLACEMENT_3D('',#3319,#2667,#2668);
#2234=AXIS2_PLACEMENT_3D('',#3320,#2669,#2670);
#2235=AXIS2_PLACEMENT_3D('',#3323,#2673,#2674);
#2236=AXIS2_PLACEMENT_3D('',#3325,#2676,#2677);
#2237=AXIS2_PLACEMENT_3D('',#3327,#2679,#2680);
#2238=AXIS2_PLACEMENT_3D('',#3328,#2681,#2682);
#2239=AXIS2_PLACEMENT_3D('',#3329,#2683,#2684);
#2240=AXIS2_PLACEMENT_3D('',#3330,#2685,#2686);
#2241=AXIS2_PLACEMENT_3D('',#3331,#2687,#2688);
#2242=AXIS2_PLACEMENT_3D('',#3332,#2689,#2690);
#2243=AXIS2_PLACEMENT_3D('',#3333,#2691,#2692);
#2244=AXIS2_PLACEMENT_3D('',#3334,#2693,#2694);
#2245=AXIS2_PLACEMENT_3D('',#3336,#2695,#2696);
#2246=AXIS2_PLACEMENT_3D('',#3339,#2699,#2700);
#2247=AXIS2_PLACEMENT_3D('',#3340,#2701,#2702);
#2248=AXIS2_PLACEMENT_3D('',#3342,#2703,#2704);
#2249=AXIS2_PLACEMENT_3D('',#3343,#2705,#2706);
#2250=AXIS2_PLACEMENT_3D('',#3345,#2707,#2708);
#2251=AXIS2_PLACEMENT_3D('',#3347,#2710,#2711);
#2252=AXIS2_PLACEMENT_3D('',#3348,#2712,#2713);
#2253=AXIS2_PLACEMENT_3D('',#3350,#2714,#2715);
#2254=AXIS2_PLACEMENT_3D('',#3353,#2718,#2719);
#2255=AXIS2_PLACEMENT_3D('',#3354,#2720,#2721);
#2256=AXIS2_PLACEMENT_3D('',#3356,#2722,#2723);
#2257=AXIS2_PLACEMENT_3D('',#3359,#2726,#2727);
#2258=AXIS2_PLACEMENT_3D('',#3360,#2728,#2729);
#2259=AXIS2_PLACEMENT_3D('',#3362,#2730,#2731);
#2260=AXIS2_PLACEMENT_3D('',#3364,#2733,#2734);
#2261=AXIS2_PLACEMENT_3D('',#3365,#2735,#2736);
#2262=AXIS2_PLACEMENT_3D('',#3366,#2737,#2738);
#2263=AXIS2_PLACEMENT_3D('',#3367,#2739,#2740);
#2264=AXIS2_PLACEMENT_3D('',#3368,#2741,#2742);
#2265=AXIS2_PLACEMENT_3D('',#3369,#2743,#2744);
#2266=AXIS2_PLACEMENT_3D('',#3370,#2745,#2746);
#2267=AXIS2_PLACEMENT_3D('',#3371,#2747,#2748);
#2268=AXIS2_PLACEMENT_3D('',#3373,#2749,#2750);
#2269=AXIS2_PLACEMENT_3D('',#3376,#2753,#2754);
#2270=AXIS2_PLACEMENT_3D('',#3377,#2755,#2756);
#2271=AXIS2_PLACEMENT_3D('',#3381,#2759,#2760);
#2272=AXIS2_PLACEMENT_3D('',#3385,#2763,#2764);
#2273=AXIS2_PLACEMENT_3D('',#3386,#2765,#2766);
#2274=AXIS2_PLACEMENT_3D('',#3387,#2767,#2768);
#2275=AXIS2_PLACEMENT_3D('',#3388,#2769,#2770);
#2276=AXIS2_PLACEMENT_3D('',#3389,#2771,#2772);
#2277=AXIS2_PLACEMENT_3D('',#3390,#2773,#2774);
#2278=AXIS2_PLACEMENT_3D('',#3391,#2775,#2776);
#2279=AXIS2_PLACEMENT_3D('',#3392,#2777,#2778);
#2280=AXIS2_PLACEMENT_3D('',#3393,#2779,#2780);
#2281=AXIS2_PLACEMENT_3D('',#3394,#2781,#2782);
#2282=AXIS2_PLACEMENT_3D('',#3395,#2783,#2784);
#2283=AXIS2_PLACEMENT_3D('',#3396,#2785,#2786);
#2284=AXIS2_PLACEMENT_3D('',#3397,#2787,#2788);
#2285=AXIS2_PLACEMENT_3D('',#3398,#2789,#2790);
#2286=AXIS2_PLACEMENT_3D('',#3400,#2792,#2793);
#2287=AXIS2_PLACEMENT_3D('',#3402,#2795,#2796);
#2288=AXIS2_PLACEMENT_3D('',#3403,#2797,#2798);
#2289=AXIS2_PLACEMENT_3D('',#3406,#2801,#2802);
#2290=AXIS2_PLACEMENT_3D('',#3407,#2803,#2804);
#2291=AXIS2_PLACEMENT_3D('',#3409,#2805,#2806);
#2292=AXIS2_PLACEMENT_3D('',#3410,#2807,#2808);
#2293=AXIS2_PLACEMENT_3D('',#3413,#2811,#2812);
#2294=AXIS2_PLACEMENT_3D('',#3414,#2813,#2814);
#2295=AXIS2_PLACEMENT_3D('',#3416,#2815,#2816);
#2296=AXIS2_PLACEMENT_3D('',#3417,#2817,#2818);
#2297=AXIS2_PLACEMENT_3D('',#3418,#2819,#2820);
#2298=AXIS2_PLACEMENT_3D('',#3419,#2821,#2822);
#2299=AXIS2_PLACEMENT_3D('',#3420,#2823,#2824);
#2300=AXIS2_PLACEMENT_3D('',#3421,#2825,#2826);
#2301=AXIS2_PLACEMENT_3D('',#3422,#2827,#2828);
#2302=AXIS2_PLACEMENT_3D('',#3423,#2829,#2830);
#2303=AXIS2_PLACEMENT_3D('',#3424,#2831,#2832);
#2304=AXIS2_PLACEMENT_3D('',#3425,#2833,#2834);
#2305=AXIS2_PLACEMENT_3D('',#3438,#2841,#2842);
#2306=AXIS2_PLACEMENT_3D('',#3451,#2849,#2850);
#2307=AXIS2_PLACEMENT_3D('',#3460,#2855,#2856);
#2308=AXIS2_PLACEMENT_3D('',#3461,#2857,#2858);
#2309=AXIS2_PLACEMENT_3D('',#3463,#2859,#2860);
#2310=AXIS2_PLACEMENT_3D('',#3466,#2862,#2863);
#2311=AXIS2_PLACEMENT_3D('',#3467,#2864,#2865);
#2312=AXIS2_PLACEMENT_3D('',#3469,#2866,#2867);
#2313=AXIS2_PLACEMENT_3D('',#3472,#2869,#2870);
#2314=AXIS2_PLACEMENT_3D('',#3480,#2876,#2877);
#2315=AXIS2_PLACEMENT_3D('',#3488,#2883,#2884);
#2316=AXIS2_PLACEMENT_3D('',#3489,#2885,#2886);
#2317=AXIS2_PLACEMENT_3D('',#3490,#2887,#2888);
#2318=AXIS2_PLACEMENT_3D('',#3499,#2893,#2894);
#2319=AXIS2_PLACEMENT_3D('',#3500,#2895,#2896);
#2320=AXIS2_PLACEMENT_3D('',#3502,#2897,#2898);
#2321=AXIS2_PLACEMENT_3D('',#3505,#2900,#2901);
#2322=AXIS2_PLACEMENT_3D('',#3506,#2902,#2903);
#2323=AXIS2_PLACEMENT_3D('',#3508,#2904,#2905);
#2324=AXIS2_PLACEMENT_3D('',#3511,#2907,#2908);
#2325=AXIS2_PLACEMENT_3D('',#3519,#2914,#2915);
#2326=AXIS2_PLACEMENT_3D('',#3527,#2921,#2922);
#2327=AXIS2_PLACEMENT_3D('',#3528,#2923,#2924);
#2328=AXIS2_PLACEMENT_3D('',#3529,#2925,#2926);
#2329=AXIS2_PLACEMENT_3D('',#3531,#2928,#2929);
#2330=AXIS2_PLACEMENT_3D('',#3533,#2931,#2932);
#2331=AXIS2_PLACEMENT_3D('',#3534,#2933,#2934);
#2332=AXIS2_PLACEMENT_3D('',#3536,#2936,#2937);
#2333=AXIS2_PLACEMENT_3D('',#3538,#2939,#2940);
#2334=DIRECTION('',(0.,0.,1.));
#2335=DIRECTION('',(1.,0.,0.));
#2336=DIRECTION('',(0.,0.,-1.));
#2337=DIRECTION('',(1.,0.,0.));
#2338=DIRECTION('',(1.,0.,0.));
#2339=DIRECTION('',(0.,-1.,0.));
#2340=DIRECTION('',(1.,0.,0.));
#2341=DIRECTION('',(-1.22812281485084E-16,1.,0.));
#2342=DIRECTION('',(0.,0.,-1.));
#2343=DIRECTION('',(1.,0.,0.));
#2344=DIRECTION('',(0.,0.,-1.));
#2345=DIRECTION('',(-1.,0.,0.));
#2346=DIRECTION('',(0.,0.,-1.));
#2347=DIRECTION('',(-1.,0.,0.));
#2348=DIRECTION('',(1.,0.,0.));
#2349=DIRECTION('',(-1.22812281485084E-16,1.,0.));
#2350=DIRECTION('',(-1.,0.,0.));
#2351=DIRECTION('',(0.,-1.,0.));
#2352=DIRECTION('',(-1.,0.,0.));
#2353=DIRECTION('',(0.,0.,1.));
#2354=DIRECTION('',(0.,0.,1.));
#2355=DIRECTION('',(0.,-1.,0.));
#2356=DIRECTION('',(0.,0.,1.));
#2357=DIRECTION('',(0.,0.,-1.));
#2358=DIRECTION('',(0.,1.,0.));
#2359=DIRECTION('',(0.,0.,-1.));
#2360=DIRECTION('',(1.,1.22812281485084E-16,0.));
#2361=DIRECTION('',(-1.22812281485084E-16,1.,0.));
#2362=DIRECTION('',(0.,0.,1.));
#2363=DIRECTION('',(-1.22812281485084E-16,1.,0.));
#2364=DIRECTION('',(0.,0.,1.));
#2365=DIRECTION('',(0.,0.,-1.));
#2366=DIRECTION('',(1.22812281485084E-16,-1.,0.));
#2367=DIRECTION('',(0.,0.,-1.));
#2368=DIRECTION('',(1.,1.22812281485084E-16,0.));
#2369=DIRECTION('',(-1.22812281485084E-16,1.,0.));
#2370=DIRECTION('',(0.,0.,-1.));
#2371=DIRECTION('',(-1.22812281485084E-16,1.,0.));
#2372=DIRECTION('',(0.,0.,-1.));
#2373=DIRECTION('',(1.22812281485084E-16,-1.,0.));
#2374=DIRECTION('',(-1.,0.,0.));
#2375=DIRECTION('',(0.,0.,1.));
#2376=DIRECTION('',(0.,0.,-1.));
#2377=DIRECTION('',(0.,-1.,0.));
#2378=DIRECTION('',(0.,0.,-1.));
#2379=DIRECTION('',(0.,1.,0.));
#2380=DIRECTION('',(0.,0.,1.));
#2381=DIRECTION('',(1.,0.,0.));
#2382=DIRECTION('',(1.,0.,0.));
#2383=DIRECTION('',(-1.,0.,0.));
#2384=DIRECTION('',(1.,0.,0.));
#2385=DIRECTION('',(1.,0.,0.));
#2386=DIRECTION('',(0.,0.,1.));
#2387=DIRECTION('',(1.,0.,0.));
#2388=DIRECTION('',(0.,0.,1.));
#2389=DIRECTION('',(1.,0.,0.));
#2390=DIRECTION('',(0.,-1.,0.));
#2391=DIRECTION('',(0.,0.,-1.));
#2392=DIRECTION('',(-1.,0.,0.));
#2393=DIRECTION('',(0.,1.,0.));
#2394=DIRECTION('',(0.,0.,1.));
#2395=DIRECTION('',(1.,0.,0.));
#2396=DIRECTION('',(0.,-1.,0.));
#2397=DIRECTION('',(0.,0.,-1.));
#2398=DIRECTION('',(-1.,0.,0.));
#2399=DIRECTION('',(0.,1.,0.));
#2400=DIRECTION('',(0.,0.,1.));
#2401=DIRECTION('',(1.,0.,0.));
#2402=DIRECTION('',(0.,0.,1.));
#2403=DIRECTION('',(1.,0.,0.));
#2404=DIRECTION('',(0.,0.,1.));
#2405=DIRECTION('',(1.,0.,0.));
#2406=DIRECTION('',(0.,0.,1.));
#2407=DIRECTION('',(1.,0.,0.));
#2408=DIRECTION('',(0.,1.,0.));
#2409=DIRECTION('',(0.,0.,1.));
#2410=DIRECTION('',(0.,-1.,0.));
#2411=DIRECTION('',(0.,0.,-1.));
#2412=DIRECTION('',(0.,0.,1.));
#2413=DIRECTION('',(1.,0.,0.));
#2414=DIRECTION('',(1.,1.22812281485084E-16,0.));
#2415=DIRECTION('',(-1.22812281485084E-16,1.,0.));
#2416=DIRECTION('',(0.,0.,1.));
#2417=DIRECTION('',(1.22812281485084E-16,-1.,0.));
#2418=DIRECTION('',(0.,0.,1.));
#2419=DIRECTION('',(1.22812281485084E-16,-1.,0.));
#2420=DIRECTION('',(0.,0.,1.));
#2421=DIRECTION('',(1.,0.,0.));
#2422=DIRECTION('',(-1.,-3.46944695195361E-15,0.));
#2423=DIRECTION('',(0.,1.,0.));
#2424=DIRECTION('',(1.,0.,0.));
#2425=DIRECTION('',(0.,1.,0.));
#2426=DIRECTION('',(0.,0.,1.));
#2427=DIRECTION('',(1.,0.,0.));
#2428=DIRECTION('',(0.,0.,1.));
#2429=DIRECTION('',(1.,0.,0.));
#2430=DIRECTION('',(0.,0.,1.));
#2431=DIRECTION('',(1.,0.,0.));
#2432=DIRECTION('',(0.,0.,1.));
#2433=DIRECTION('',(1.,0.,0.));
#2434=DIRECTION('',(0.,0.,1.));
#2435=DIRECTION('',(1.,0.,0.));
#2436=DIRECTION('',(0.,0.,1.));
#2437=DIRECTION('',(1.,0.,0.));
#2438=DIRECTION('',(0.,0.,1.));
#2439=DIRECTION('',(1.,0.,0.));
#2440=DIRECTION('',(-0.999500943609533,-0.0315889810480313,0.));
#2441=DIRECTION('',(0.,0.,1.));
#2442=DIRECTION('',(1.,0.,0.));
#2443=DIRECTION('',(0.,0.,1.));
#2444=DIRECTION('',(1.,0.,0.));
#2445=DIRECTION('',(0.,0.,1.));
#2446=DIRECTION('',(1.,0.,0.));
#2447=DIRECTION('',(0.,1.,0.));
#2448=DIRECTION('',(0.,0.,1.));
#2449=DIRECTION('',(1.,0.,0.));
#2450=DIRECTION('',(0.,0.,1.));
#2451=DIRECTION('',(1.,0.,0.));
#2452=DIRECTION('',(0.,0.,1.));
#2453=DIRECTION('',(1.,0.,0.));
#2454=DIRECTION('',(0.,1.,0.));
#2455=DIRECTION('',(0.,0.,1.));
#2456=DIRECTION('',(1.,0.,0.));
#2457=DIRECTION('',(0.,0.,1.));
#2458=DIRECTION('',(1.,0.,0.));
#2459=DIRECTION('',(0.,0.,1.));
#2460=DIRECTION('',(1.,0.,0.));
#2461=DIRECTION('',(1.,0.,0.));
#2462=DIRECTION('',(0.,0.,1.));
#2463=DIRECTION('',(1.,0.,0.));
#2464=DIRECTION('',(0.,0.,1.));
#2465=DIRECTION('',(1.,0.,0.));
#2466=DIRECTION('',(0.,0.,1.));
#2467=DIRECTION('',(1.,0.,0.));
#2468=DIRECTION('',(1.22812281485084E-16,-1.,0.));
#2469=DIRECTION('',(0.,0.,1.));
#2470=DIRECTION('',(1.,0.,0.));
#2471=DIRECTION('',(0.,0.,1.));
#2472=DIRECTION('',(1.,0.,0.));
#2473=DIRECTION('',(0.,0.,1.));
#2474=DIRECTION('',(1.,0.,0.));
#2475=DIRECTION('',(1.22812281485084E-16,-1.,0.));
#2476=DIRECTION('',(0.,0.,1.));
#2477=DIRECTION('',(1.,0.,0.));
#2478=DIRECTION('',(0.,0.,1.));
#2479=DIRECTION('',(1.,0.,0.));
#2480=DIRECTION('',(0.,0.,1.));
#2481=DIRECTION('',(1.,0.,0.));
#2482=DIRECTION('',(1.,0.,0.));
#2483=DIRECTION('',(1.,1.22812281485084E-16,0.));
#2484=DIRECTION('',(1.22812281485084E-16,-1.,0.));
#2485=DIRECTION('',(1.,1.22812281485084E-16,0.));
#2486=DIRECTION('',(1.22812281485084E-16,-1.,0.));
#2487=DIRECTION('',(-1.,0.,0.));
#2488=DIRECTION('',(0.,0.,1.));
#2489=DIRECTION('',(1.,0.,0.));
#2490=DIRECTION('',(0.,0.,1.));
#2491=DIRECTION('',(1.,0.,0.));
#2492=DIRECTION('',(0.,0.,1.));
#2493=DIRECTION('',(1.,0.,0.));
#2494=DIRECTION('',(0.,1.,0.));
#2495=DIRECTION('',(0.,0.,-1.));
#2496=DIRECTION('',(-1.,0.,0.));
#2497=DIRECTION('',(0.,0.,1.));
#2498=DIRECTION('',(0.,0.,1.));
#2499=DIRECTION('',(1.,0.,0.));
#2500=DIRECTION('',(0.,0.,-1.));
#2501=DIRECTION('',(0.,0.,1.));
#2502=DIRECTION('',(1.,0.,0.));
#2503=DIRECTION('',(1.,0.,0.));
#2504=DIRECTION('',(0.,0.,1.));
#2505=DIRECTION('',(1.,0.,0.));
#2506=DIRECTION('',(0.,0.,1.));
#2507=DIRECTION('',(1.,0.,0.));
#2508=DIRECTION('',(0.,0.,1.));
#2509=DIRECTION('',(1.,0.,0.));
#2510=DIRECTION('',(0.,1.,0.));
#2511=DIRECTION('',(0.,0.,1.));
#2512=DIRECTION('',(1.,0.,0.));
#2513=DIRECTION('',(0.,0.,1.));
#2514=DIRECTION('',(1.,0.,0.));
#2515=DIRECTION('',(0.,0.,1.));
#2516=DIRECTION('',(1.,0.,0.));
#2517=DIRECTION('',(-1.,0.,0.));
#2518=DIRECTION('',(0.,1.,0.));
#2519=DIRECTION('',(1.,0.,0.));
#2520=DIRECTION('',(0.,1.,0.));
#2521=DIRECTION('',(0.,0.,1.));
#2522=DIRECTION('',(1.,0.,0.));
#2523=DIRECTION('',(0.,0.,1.));
#2524=DIRECTION('',(1.,0.,0.));
#2525=DIRECTION('',(0.,1.,0.));
#2526=DIRECTION('',(0.,0.,1.));
#2527=DIRECTION('',(0.,0.,1.));
#2528=DIRECTION('',(0.,0.,-1.));
#2529=DIRECTION('',(-1.,0.,0.));
#2530=DIRECTION('',(0.,0.,1.));
#2531=DIRECTION('',(1.,0.,0.));
#2532=DIRECTION('',(0.,0.,1.));
#2533=DIRECTION('',(0.,1.,0.));
#2534=DIRECTION('',(0.,0.,1.));
#2535=DIRECTION('',(1.,0.,0.));
#2536=DIRECTION('',(0.,0.,1.));
#2537=DIRECTION('',(-1.,0.,0.));
#2538=DIRECTION('',(0.,0.,-1.));
#2539=DIRECTION('',(0.,0.,-1.));
#2540=DIRECTION('',(1.,0.,0.));
#2541=DIRECTION('',(0.,0.,-1.));
#2542=DIRECTION('',(1.,1.22812281485084E-16,0.));
#2543=DIRECTION('',(-1.22812281485084E-16,1.,0.));
#2544=DIRECTION('',(0.,0.,1.));
#2545=DIRECTION('',(1.22812281485084E-16,-1.,0.));
#2546=DIRECTION('',(0.,0.,-1.));
#2547=DIRECTION('',(0.,0.,1.));
#2548=DIRECTION('',(1.,0.,0.));
#2549=DIRECTION('',(1.,0.,0.));
#2550=DIRECTION('',(0.,0.,1.));
#2551=DIRECTION('',(1.,0.,0.));
#2552=DIRECTION('',(0.,0.,1.));
#2553=DIRECTION('',(1.,0.,0.));
#2554=DIRECTION('',(0.,0.,1.));
#2555=DIRECTION('',(1.,0.,0.));
#2556=DIRECTION('',(1.22812281485084E-16,-1.,0.));
#2557=DIRECTION('',(0.,0.,1.));
#2558=DIRECTION('',(1.,0.,0.));
#2559=DIRECTION('',(0.,0.,1.));
#2560=DIRECTION('',(1.,0.,0.));
#2561=DIRECTION('',(0.,0.,1.));
#2562=DIRECTION('',(1.,0.,0.));
#2563=DIRECTION('',(1.22812281485084E-16,-1.,0.));
#2564=DIRECTION('',(0.,0.,1.));
#2565=DIRECTION('',(1.,0.,0.));
#2566=DIRECTION('',(0.,0.,1.));
#2567=DIRECTION('',(1.,0.,0.));
#2568=DIRECTION('',(0.,0.,1.));
#2569=DIRECTION('',(1.,0.,0.));
#2570=DIRECTION('',(0.,1.,0.));
#2571=DIRECTION('',(1.22812281485084E-16,-1.,0.));
#2572=DIRECTION('',(1.,1.22812281485084E-16,0.));
#2573=DIRECTION('',(0.,0.,1.));
#2574=DIRECTION('',(1.,0.,0.));
#2575=DIRECTION('',(0.,0.,1.));
#2576=DIRECTION('',(1.,0.,0.));
#2577=DIRECTION('',(0.,0.,1.));
#2578=DIRECTION('',(1.,0.,0.));
#2579=DIRECTION('',(0.,0.,1.));
#2580=DIRECTION('',(1.,0.,0.));
#2581=DIRECTION('',(-1.,0.,0.));
#2582=DIRECTION('',(0.,0.,1.));
#2583=DIRECTION('',(0.,0.,1.));
#2584=DIRECTION('',(0.,-1.,0.));
#2585=DIRECTION('',(0.,0.,1.));
#2586=DIRECTION('',(-1.,0.,0.));
#2587=DIRECTION('',(0.,0.,1.));
#2588=DIRECTION('',(0.,0.,1.));
#2589=DIRECTION('',(0.,-1.,0.));
#2590=DIRECTION('',(0.,0.,1.));
#2591=DIRECTION('',(0.,1.,0.));
#2592=DIRECTION('',(0.,0.,-1.));
#2593=DIRECTION('',(0.,1.,0.));
#2594=DIRECTION('',(-1.,0.,0.));
#2595=DIRECTION('',(0.,0.,1.));
#2596=DIRECTION('',(0.,1.,0.));
#2597=DIRECTION('',(0.,0.,1.));
#2598=DIRECTION('',(0.,0.,1.));
#2599=DIRECTION('',(0.,-1.,0.));
#2600=DIRECTION('',(0.,0.,-1.));
#2601=DIRECTION('',(-1.,0.,0.));
#2602=DIRECTION('',(0.,0.,1.));
#2603=DIRECTION('',(1.,1.22812281485084E-16,0.));
#2604=DIRECTION('',(-1.22812281485084E-16,1.,0.));
#2605=DIRECTION('',(0.,0.,1.));
#2606=DIRECTION('',(0.,0.,1.));
#2607=DIRECTION('',(1.,1.22812281485084E-16,0.));
#2608=DIRECTION('',(-1.22812281485084E-16,1.,0.));
#2609=DIRECTION('',(0.,0.,1.));
#2610=DIRECTION('',(0.,0.,1.));
#2611=DIRECTION('',(-1.,0.,0.));
#2612=DIRECTION('',(0.,0.,1.));
#2613=DIRECTION('',(0.,0.,1.));
#2614=DIRECTION('',(0.,0.,1.));
#2615=DIRECTION('',(0.,0.,1.));
#2616=DIRECTION('',(1.,0.,0.));
#2617=DIRECTION('',(0.,0.,1.));
#2618=DIRECTION('',(1.,0.,0.));
#2619=DIRECTION('',(0.,0.,1.));
#2620=DIRECTION('',(1.,0.,0.));
#2621=DIRECTION('',(0.,0.,1.));
#2622=DIRECTION('',(1.,0.,0.));
#2623=DIRECTION('',(0.,0.,1.));
#2624=DIRECTION('',(1.,0.,0.));
#2625=DIRECTION('',(0.,0.,1.));
#2626=DIRECTION('',(1.,0.,0.));
#2627=DIRECTION('',(0.,0.,1.));
#2628=DIRECTION('',(1.,0.,0.));
#2629=DIRECTION('',(1.,0.,0.));
#2630=DIRECTION('',(-1.22812281485084E-16,1.,0.));
#2631=DIRECTION('',(0.,0.,1.));
#2632=DIRECTION('',(1.,0.,0.));
#2633=DIRECTION('',(0.,1.,0.));
#2634=DIRECTION('',(-1.,-3.46944695195361E-15,0.));
#2635=DIRECTION('',(0.,1.,0.));
#2636=DIRECTION('',(1.,0.,0.));
#2637=DIRECTION('',(1.,1.22812281485084E-16,0.));
#2638=DIRECTION('',(-1.22812281485084E-16,1.,0.));
#2639=DIRECTION('',(0.,0.,1.));
#2640=DIRECTION('',(0.,0.,-1.));
#2641=DIRECTION('',(1.22812281485084E-16,-1.,0.));
#2642=DIRECTION('',(0.,0.,1.));
#2643=DIRECTION('',(0.,-1.,0.));
#2644=DIRECTION('',(0.,0.,-1.));
#2645=DIRECTION('',(-1.,0.,0.));
#2646=DIRECTION('',(0.,0.,1.));
#2647=DIRECTION('',(1.,0.,0.));
#2648=DIRECTION('',(-0.999500943609533,-0.0315889810480313,0.));
#2649=DIRECTION('',(0.,0.,1.));
#2650=DIRECTION('',(1.,0.,0.));
#2651=DIRECTION('',(0.,0.,1.));
#2652=DIRECTION('',(1.,0.,0.));
#2653=DIRECTION('',(0.,0.,1.));
#2654=DIRECTION('',(1.,0.,0.));
#2655=DIRECTION('',(1.,1.22812281485084E-16,0.));
#2656=DIRECTION('',(-1.,0.,0.));
#2657=DIRECTION('',(0.,0.,1.));
#2658=DIRECTION('',(1.,0.,0.));
#2659=DIRECTION('',(0.,0.,1.));
#2660=DIRECTION('',(1.,0.,0.));
#2661=DIRECTION('',(0.,0.,1.));
#2662=DIRECTION('',(1.,0.,0.));
#2663=DIRECTION('',(0.,0.,1.));
#2664=DIRECTION('',(1.,0.,0.));
#2665=DIRECTION('',(0.,0.,1.));
#2666=DIRECTION('',(1.,0.,0.));
#2667=DIRECTION('',(0.,0.,-1.));
#2668=DIRECTION('',(-1.,0.,0.));
#2669=DIRECTION('',(1.,0.,0.));
#2670=DIRECTION('',(0.,0.,-1.));
#2671=DIRECTION('',(0.,0.,-1.));
#2672=DIRECTION('',(0.,0.,-1.));
#2673=DIRECTION('',(0.,-1.,0.));
#2674=DIRECTION('',(0.,0.,-1.));
#2675=DIRECTION('',(0.,0.,-1.));
#2676=DIRECTION('',(1.,0.,0.));
#2677=DIRECTION('',(0.,0.,-1.));
#2678=DIRECTION('',(0.,0.,-1.));
#2679=DIRECTION('',(-3.46944695195361E-15,1.,0.));
#2680=DIRECTION('',(-1.,-3.46944695195361E-15,0.));
#2681=DIRECTION('',(0.,0.,-1.));
#2682=DIRECTION('',(-1.,0.,0.));
#2683=DIRECTION('',(0.,0.,-1.));
#2684=DIRECTION('',(-1.,0.,0.));
#2685=DIRECTION('',(0.,0.,-1.));
#2686=DIRECTION('',(-1.,0.,0.));
#2687=DIRECTION('',(0.,0.,-1.));
#2688=DIRECTION('',(-1.,0.,0.));
#2689=DIRECTION('',(0.,0.,-1.));
#2690=DIRECTION('',(-1.,0.,0.));
#2691=DIRECTION('',(0.,0.,-1.));
#2692=DIRECTION('',(-1.,0.,0.));
#2693=DIRECTION('',(0.,0.,1.));
#2694=DIRECTION('',(1.,0.,0.));
#2695=DIRECTION('',(0.,0.,-1.));
#2696=DIRECTION('',(-1.,0.,0.));
#2697=DIRECTION('',(0.,0.,-1.));
#2698=DIRECTION('',(0.,0.,-1.));
#2699=DIRECTION('',(0.,0.,-1.));
#2700=DIRECTION('',(-1.,0.,0.));
#2701=DIRECTION('',(0.,0.,1.));
#2702=DIRECTION('',(1.,0.,0.));
#2703=DIRECTION('',(0.,0.,-1.));
#2704=DIRECTION('',(-1.,0.,0.));
#2705=DIRECTION('',(0.,0.,1.));
#2706=DIRECTION('',(1.,0.,0.));
#2707=DIRECTION('',(0.,0.,-1.));
#2708=DIRECTION('',(-1.,0.,0.));
#2709=DIRECTION('',(0.,0.,-1.));
#2710=DIRECTION('',(0.,0.,-1.));
#2711=DIRECTION('',(-1.,0.,0.));
#2712=DIRECTION('',(0.,0.,1.));
#2713=DIRECTION('',(1.,0.,0.));
#2714=DIRECTION('',(0.,0.,-1.));
#2715=DIRECTION('',(-1.,0.,0.));
#2716=DIRECTION('',(0.,0.,-1.));
#2717=DIRECTION('',(0.,0.,-1.));
#2718=DIRECTION('',(0.,0.,-1.));
#2719=DIRECTION('',(-1.,0.,0.));
#2720=DIRECTION('',(0.,0.,1.));
#2721=DIRECTION('',(1.,0.,0.));
#2722=DIRECTION('',(0.,0.,-1.));
#2723=DIRECTION('',(-1.,0.,0.));
#2724=DIRECTION('',(0.,0.,1.));
#2725=DIRECTION('',(0.,0.,-1.));
#2726=DIRECTION('',(0.,0.,-1.));
#2727=DIRECTION('',(-1.,0.,0.));
#2728=DIRECTION('',(0.,0.,1.));
#2729=DIRECTION('',(1.,0.,0.));
#2730=DIRECTION('',(0.,0.,-1.));
#2731=DIRECTION('',(-1.,0.,0.));
#2732=DIRECTION('',(0.,0.,-1.));
#2733=DIRECTION('',(0.,0.,1.));
#2734=DIRECTION('',(1.,0.,0.));
#2735=DIRECTION('',(0.,0.,1.));
#2736=DIRECTION('',(1.,0.,0.));
#2737=DIRECTION('',(0.,0.,1.));
#2738=DIRECTION('',(1.,0.,0.));
#2739=DIRECTION('',(0.,0.,1.));
#2740=DIRECTION('',(1.,0.,0.));
#2741=DIRECTION('',(0.,0.,1.));
#2742=DIRECTION('',(1.,0.,0.));
#2743=DIRECTION('',(0.,0.,1.));
#2744=DIRECTION('',(1.,0.,0.));
#2745=DIRECTION('',(0.,0.,-1.));
#2746=DIRECTION('',(-1.,0.,0.));
#2747=DIRECTION('',(0.,0.,1.));
#2748=DIRECTION('',(1.,0.,0.));
#2749=DIRECTION('',(0.,0.,-1.));
#2750=DIRECTION('',(-1.,0.,0.));
#2751=DIRECTION('',(0.,0.,-1.));
#2752=DIRECTION('',(0.,0.,-1.));
#2753=DIRECTION('',(0.,0.,1.));
#2754=DIRECTION('',(1.,0.,0.));
#2755=DIRECTION('',(0.,-1.,0.));
#2756=DIRECTION('',(0.,0.,-1.));
#2757=DIRECTION('',(0.,0.,-1.));
#2758=DIRECTION('',(-1.,0.,0.));
#2759=DIRECTION('',(0.,-1.,0.));
#2760=DIRECTION('',(0.,0.,-1.));
#2761=DIRECTION('',(-1.,0.,0.));
#2762=DIRECTION('',(0.,0.,-1.));
#2763=DIRECTION('',(0.,0.,-1.));
#2764=DIRECTION('',(-1.,0.,0.));
#2765=DIRECTION('',(0.,0.,-1.));
#2766=DIRECTION('',(-1.,0.,0.));
#2767=DIRECTION('',(0.,0.,-1.));
#2768=DIRECTION('',(-1.,0.,0.));
#2769=DIRECTION('',(0.,0.,-1.));
#2770=DIRECTION('',(-1.,0.,0.));
#2771=DIRECTION('',(0.,0.,-1.));
#2772=DIRECTION('',(-1.,0.,0.));
#2773=DIRECTION('',(0.,0.,-1.));
#2774=DIRECTION('',(-1.,0.,0.));
#2775=DIRECTION('',(0.,0.,-1.));
#2776=DIRECTION('',(-1.,0.,0.));
#2777=DIRECTION('',(0.,0.,-1.));
#2778=DIRECTION('',(-1.,0.,0.));
#2779=DIRECTION('',(0.,0.,-1.));
#2780=DIRECTION('',(-1.,0.,0.));
#2781=DIRECTION('',(0.,0.,-1.));
#2782=DIRECTION('',(-1.,0.,0.));
#2783=DIRECTION('',(0.,0.,-1.));
#2784=DIRECTION('',(-1.,0.,0.));
#2785=DIRECTION('',(-1.22812281485084E-16,1.,0.));
#2786=DIRECTION('',(-1.,-1.22812281485084E-16,0.));
#2787=DIRECTION('',(-1.22812281485084E-16,1.,0.));
#2788=DIRECTION('',(-1.,-1.22812281485084E-16,0.));
#2789=DIRECTION('',(-1.,0.,0.));
#2790=DIRECTION('',(0.,0.,1.));
#2791=DIRECTION('',(0.,1.,0.));
#2792=DIRECTION('',(1.,0.,0.));
#2793=DIRECTION('',(0.,0.,-1.));
#2794=DIRECTION('',(0.,1.,0.));
#2795=DIRECTION('',(0.,0.,-1.));
#2796=DIRECTION('',(-1.,0.,0.));
#2797=DIRECTION('',(0.,0.,1.));
#2798=DIRECTION('',(1.,0.,0.));
#2799=DIRECTION('',(0.,0.,1.));
#2800=DIRECTION('',(0.,0.,1.));
#2801=DIRECTION('',(0.,0.,1.));
#2802=DIRECTION('',(1.,0.,0.));
#2803=DIRECTION('',(0.,0.,1.));
#2804=DIRECTION('',(1.,0.,0.));
#2805=DIRECTION('',(0.,0.,1.));
#2806=DIRECTION('',(1.,0.,0.));
#2807=DIRECTION('',(0.,0.,1.));
#2808=DIRECTION('',(1.,0.,0.));
#2809=DIRECTION('',(0.,0.,1.));
#2810=DIRECTION('',(0.,0.,1.));
#2811=DIRECTION('',(0.,0.,1.));
#2812=DIRECTION('',(1.,0.,0.));
#2813=DIRECTION('',(0.,0.,1.));
#2814=DIRECTION('',(1.,0.,0.));
#2815=DIRECTION('',(0.,0.,1.));
#2816=DIRECTION('',(1.,0.,0.));
#2817=DIRECTION('',(0.,0.,1.));
#2818=DIRECTION('',(1.,0.,0.));
#2819=DIRECTION('',(0.,0.,1.));
#2820=DIRECTION('',(1.,0.,0.));
#2821=DIRECTION('',(0.,0.,1.));
#2822=DIRECTION('',(1.,0.,0.));
#2823=DIRECTION('',(0.,0.,1.));
#2824=DIRECTION('',(1.,0.,0.));
#2825=DIRECTION('',(0.,0.,1.));
#2826=DIRECTION('',(1.,0.,0.));
#2827=DIRECTION('',(0.,-1.,0.));
#2828=DIRECTION('',(0.,0.,-1.));
#2829=DIRECTION('',(-0.0315889810480313,0.999500943609533,0.));
#2830=DIRECTION('',(-0.999500943609533,-0.0315889810480313,0.));
#2831=DIRECTION('',(0.,0.,1.));
#2832=DIRECTION('',(1.,0.,0.));
#2833=DIRECTION('',(0.,0.,-1.));
#2834=DIRECTION('',(1.,0.,0.));
#2835=DIRECTION('',(0.,1.,0.));
#2836=DIRECTION('',(1.,0.,0.));
#2837=DIRECTION('',(-1.22812281485084E-16,1.,0.));
#2838=DIRECTION('',(1.,0.,0.));
#2839=DIRECTION('',(0.,-1.,0.));
#2840=DIRECTION('',(-1.22812281485084E-16,1.,0.));
#2841=DIRECTION('',(0.,0.,-1.));
#2842=DIRECTION('',(1.,0.,0.));
#2843=DIRECTION('',(0.,-1.,0.));
#2844=DIRECTION('',(0.,-1.,0.));
#2845=DIRECTION('',(0.,-1.,0.));
#2846=DIRECTION('',(1.,0.,0.));
#2847=DIRECTION('',(0.,-1.,0.));
#2848=DIRECTION('',(1.,0.,0.));
#2849=DIRECTION('',(0.,0.,1.));
#2850=DIRECTION('',(1.,0.,0.));
#2851=DIRECTION('',(1.22812281485084E-16,-1.,0.));
#2852=DIRECTION('',(1.,0.,0.));
#2853=DIRECTION('',(0.,1.,0.));
#2854=DIRECTION('',(-1.,0.,0.));
#2855=DIRECTION('',(1.,0.,0.));
#2856=DIRECTION('',(0.,0.,-1.));
#2857=DIRECTION('',(-1.,0.,0.));
#2858=DIRECTION('',(0.,0.,1.));
#2859=DIRECTION('',(1.,1.22812281485084E-16,0.));
#2860=DIRECTION('',(-1.22812281485084E-16,1.,0.));
#2861=DIRECTION('',(1.,0.,0.));
#2862=DIRECTION('',(-1.,0.,0.));
#2863=DIRECTION('',(0.,0.,1.));
#2864=DIRECTION('',(1.,1.22812281485084E-16,0.));
#2865=DIRECTION('',(-1.22812281485084E-16,1.,0.));
#2866=DIRECTION('',(-1.,0.,0.));
#2867=DIRECTION('',(0.,0.,1.));
#2868=DIRECTION('',(-1.,0.,0.));
#2869=DIRECTION('',(0.,1.,0.));
#2870=DIRECTION('',(0.,0.,1.));
#2871=DIRECTION('',(0.,0.,1.));
#2872=DIRECTION('',(0.,0.,-1.));
#2873=DIRECTION('',(-1.,0.,0.));
#2874=DIRECTION('',(0.,0.,-1.));
#2875=DIRECTION('',(0.,0.,1.));
#2876=DIRECTION('',(0.,-1.,0.));
#2877=DIRECTION('',(0.,0.,-1.));
#2878=DIRECTION('',(0.,0.,1.));
#2879=DIRECTION('',(0.,0.,-1.));
#2880=DIRECTION('',(1.,0.,0.));
#2881=DIRECTION('',(0.,0.,-1.));
#2882=DIRECTION('',(0.,0.,1.));
#2883=DIRECTION('',(1.,1.22812281485084E-16,0.));
#2884=DIRECTION('',(-1.22812281485084E-16,1.,0.));
#2885=DIRECTION('',(-1.,0.,0.));
#2886=DIRECTION('',(0.,0.,1.));
#2887=DIRECTION('',(0.,0.,-1.));
#2888=DIRECTION('',(-1.,0.,0.));
#2889=DIRECTION('',(0.,-1.,0.));
#2890=DIRECTION('',(1.,0.,0.));
#2891=DIRECTION('',(-5.33761069531325E-16,1.,0.));
#2892=DIRECTION('',(-1.,0.,0.));
#2893=DIRECTION('',(1.,0.,0.));
#2894=DIRECTION('',(0.,0.,-1.));
#2895=DIRECTION('',(-1.,0.,0.));
#2896=DIRECTION('',(0.,0.,1.));
#2897=DIRECTION('',(1.,1.22812281485084E-16,0.));
#2898=DIRECTION('',(-1.22812281485084E-16,1.,0.));
#2899=DIRECTION('',(1.,0.,0.));
#2900=DIRECTION('',(-1.,0.,0.));
#2901=DIRECTION('',(0.,0.,1.));
#2902=DIRECTION('',(1.,1.22812281485084E-16,0.));
#2903=DIRECTION('',(-1.22812281485084E-16,1.,0.));
#2904=DIRECTION('',(-1.,0.,0.));
#2905=DIRECTION('',(0.,0.,1.));
#2906=DIRECTION('',(-1.,0.,0.));
#2907=DIRECTION('',(0.,-1.,0.));
#2908=DIRECTION('',(0.,0.,-1.));
#2909=DIRECTION('',(0.,0.,1.));
#2910=DIRECTION('',(0.,0.,1.));
#2911=DIRECTION('',(0.,0.,-1.));
#2912=DIRECTION('',(1.,0.,0.));
#2913=DIRECTION('',(0.,0.,-1.));
#2914=DIRECTION('',(0.,1.,0.));
#2915=DIRECTION('',(0.,0.,1.));
#2916=DIRECTION('',(0.,0.,1.));
#2917=DIRECTION('',(0.,0.,1.));
#2918=DIRECTION('',(0.,0.,-1.));
#2919=DIRECTION('',(1.,0.,0.));
#2920=DIRECTION('',(0.,0.,-1.));
#2921=DIRECTION('',(-1.,0.,0.));
#2922=DIRECTION('',(0.,0.,1.));
#2923=DIRECTION('',(1.,1.22812281485084E-16,0.));
#2924=DIRECTION('',(-1.22812281485084E-16,1.,0.));
#2925=DIRECTION('',(1.,0.,0.));
#2926=DIRECTION('',(0.,0.,-1.));
#2927=DIRECTION('',(0.,-1.,0.));
#2928=DIRECTION('',(1.,0.,0.));
#2929=DIRECTION('',(0.,0.,-1.));
#2930=DIRECTION('',(0.,-1.,0.));
#2931=DIRECTION('',(0.,0.,1.));
#2932=DIRECTION('',(1.,0.,0.));
#2933=DIRECTION('',(1.,0.,0.));
#2934=DIRECTION('',(0.,0.,-1.));
#2935=DIRECTION('',(0.,-1.,0.));
#2936=DIRECTION('',(-1.,0.,0.));
#2937=DIRECTION('',(0.,0.,1.));
#2938=DIRECTION('',(0.,1.,0.));
#2939=DIRECTION('',(0.,0.,1.));
#2940=DIRECTION('',(1.,0.,0.));
#2941=CARTESIAN_POINT('',(0.,0.,0.));
#2942=CARTESIAN_POINT('',(-6.93889390390723E-18,0.0085,-0.005));
#2943=CARTESIAN_POINT('',(-6.93889390390723E-18,0.021,-0.005));
#2944=CARTESIAN_POINT('',(-0.046,0.021,-0.005));
#2945=CARTESIAN_POINT('',(0.046,0.021,-0.005));
#2946=CARTESIAN_POINT('',(-0.046,0.0085,-0.005));
#2947=CARTESIAN_POINT('',(-0.046,-0.047,-0.005));
#2948=CARTESIAN_POINT('',(0.,-0.047,-0.005));
#2949=CARTESIAN_POINT('',(0.046,-0.047,-0.005));
#2950=CARTESIAN_POINT('',(0.046,0.0085,-0.005));
#2951=CARTESIAN_POINT('',(-6.93889390390723E-18,0.0085,-0.005));
#2952=CARTESIAN_POINT('',(-0.044,0.062,-0.005));
#2953=CARTESIAN_POINT('',(-0.045,0.062,-0.005));
#2954=CARTESIAN_POINT('',(0.044,0.062,-0.005));
#2955=CARTESIAN_POINT('',(0.043,0.062,-0.005));
#2956=CARTESIAN_POINT('',(-6.93889390390723E-18,0.047,-0.005));
#2957=CARTESIAN_POINT('',(0.046,0.047,-0.005));
#2958=CARTESIAN_POINT('',(-0.046,0.047,-0.005));
#2959=CARTESIAN_POINT('',(0.046,0.0085,-0.005));
#2960=CARTESIAN_POINT('',(0.046,0.064,-0.005));
#2961=CARTESIAN_POINT('',(-0.03135,0.064,-0.005));
#2962=CARTESIAN_POINT('',(-0.046,0.064,-0.005));
#2963=CARTESIAN_POINT('',(-0.046,0.0085,-0.005));
#2964=CARTESIAN_POINT('',(-0.046,0.0085,0.01));
#2965=CARTESIAN_POINT('',(-0.046,0.021,-0.028));
#2966=CARTESIAN_POINT('',(-0.046,0.021,-0.007));
#2967=CARTESIAN_POINT('',(-0.046,0.0085,-0.007));
#2968=CARTESIAN_POINT('',(-0.046,0.047,-0.007));
#2969=CARTESIAN_POINT('',(-0.046,0.047,-0.028));
#2970=CARTESIAN_POINT('',(-0.046,0.064,0.01));
#2971=CARTESIAN_POINT('',(-0.046,0.064,0.));
#2972=CARTESIAN_POINT('',(-0.046,0.0085,0.));
#2973=CARTESIAN_POINT('',(-0.046,-0.047,0.));
#2974=CARTESIAN_POINT('',(-0.046,-0.047,0.01));
#2975=CARTESIAN_POINT('',(0.046,0.0085,0.01));
#2976=CARTESIAN_POINT('',(0.046,0.047,-0.028));
#2977=CARTESIAN_POINT('',(0.046,0.047,-0.007));
#2978=CARTESIAN_POINT('',(0.046,0.0085,-0.007));
#2979=CARTESIAN_POINT('',(0.046,0.021,-0.007));
#2980=CARTESIAN_POINT('',(0.046,0.021,-0.028));
#2981=CARTESIAN_POINT('',(0.046,-0.047,0.01));
#2982=CARTESIAN_POINT('',(0.046,-0.047,0.));
#2983=CARTESIAN_POINT('',(0.046,0.0085,0.));
#2984=CARTESIAN_POINT('',(0.046,0.064,0.));
#2985=CARTESIAN_POINT('',(0.046,0.064,0.01));
#2986=CARTESIAN_POINT('',(0.048,0.0085,0.01));
#2987=CARTESIAN_POINT('',(0.048,-0.049,0.01));
#2988=CARTESIAN_POINT('',(0.048,-0.049,0.));
#2989=CARTESIAN_POINT('',(0.048,-0.049,-0.007));
#2990=CARTESIAN_POINT('',(0.048,0.0085,-0.007));
#2991=CARTESIAN_POINT('',(0.048,0.066,-0.007));
#2992=CARTESIAN_POINT('',(0.048,0.066,0.01));
#2993=CARTESIAN_POINT('',(0.048,0.066,0.));
#2994=CARTESIAN_POINT('',(0.048,0.0085,0.));
#2995=CARTESIAN_POINT('',(-0.048,0.0085,0.01));
#2996=CARTESIAN_POINT('',(-0.048,0.066,0.01));
#2997=CARTESIAN_POINT('',(-0.048,0.066,0.));
#2998=CARTESIAN_POINT('',(-0.048,0.066,-0.007));
#2999=CARTESIAN_POINT('',(-0.048,0.0085,-0.007));
#3000=CARTESIAN_POINT('',(-0.048,-0.049,-0.007));
#3001=CARTESIAN_POINT('',(-0.048,-0.049,0.01));
#3002=CARTESIAN_POINT('',(-0.048,-0.049,0.));
#3003=CARTESIAN_POINT('',(-0.048,0.0085,0.));
#3004=CARTESIAN_POINT('',(0.,0.,-0.007));
#3005=CARTESIAN_POINT('',(-6.93889390390723E-18,0.021,-0.007));
#3006=CARTESIAN_POINT('',(-6.93889390390723E-18,0.047,-0.007));
#3007=CARTESIAN_POINT('',(0.,-0.049,-0.007));
#3008=CARTESIAN_POINT('',(0.01565,0.066,-0.007));
#3009=CARTESIAN_POINT('',(0.044,0.062,-0.007));
#3010=CARTESIAN_POINT('',(0.045,0.062,-0.007));
#3011=CARTESIAN_POINT('',(-0.044,0.062,-0.007));
#3012=CARTESIAN_POINT('',(-0.043,0.062,-0.007));
#3013=CARTESIAN_POINT('',(0.,-0.047,0.01));
#3014=CARTESIAN_POINT('',(0.,-0.047,0.));
#3015=CARTESIAN_POINT('',(-0.03135,0.064,0.01));
#3016=CARTESIAN_POINT('',(-0.03135,0.064,0.));
#3017=CARTESIAN_POINT('',(0.,-0.049,0.01));
#3018=CARTESIAN_POINT('',(0.,-0.049,0.));
#3019=CARTESIAN_POINT('',(0.01565,0.066,0.01));
#3020=CARTESIAN_POINT('',(0.01565,0.066,0.));
#3021=CARTESIAN_POINT('',(0.,0.,0.));
#3022=CARTESIAN_POINT('',(-0.044,0.062,-0.017));
#3023=CARTESIAN_POINT('',(0.044,0.062,-0.017));
#3024=CARTESIAN_POINT('',(-6.93889390390723E-18,0.047,-0.028));
#3025=CARTESIAN_POINT('',(-6.93889390390723E-18,0.021,-0.028));
#3026=CARTESIAN_POINT('',(0.,0.,0.));
#3027=CARTESIAN_POINT('',(0.046,0.0085,0.01));
#3028=CARTESIAN_POINT('',(0.046,0.01750297734517,0.));
#3029=CARTESIAN_POINT('',(0.046,0.01750297734517,0.));
#3030=CARTESIAN_POINT('',(0.046,0.01750297734517,0.008));
#3031=CARTESIAN_POINT('',(0.046,0.0085,0.));
#3032=CARTESIAN_POINT('',(0.046,-0.0274418258244628,0.));
#3033=CARTESIAN_POINT('',(0.046,-0.0274418258244628,0.004));
#3034=CARTESIAN_POINT('',(0.046,-0.0274418258244628,0.008));
#3035=CARTESIAN_POINT('',(0.046,0.0085,0.008));
#3036=CARTESIAN_POINT('',(0.,0.0085,0.008));
#3037=CARTESIAN_POINT('',(-3.12250225675828E-17,0.0175,0.008));
#3038=CARTESIAN_POINT('',(0.0183,0.0175,0.008));
#3039=CARTESIAN_POINT('',(-0.0157,0.0175,0.008));
#3040=CARTESIAN_POINT('',(0.0183,0.0085,0.008));
#3041=CARTESIAN_POINT('',(0.0183,0.0565,0.008));
#3042=CARTESIAN_POINT('',(0.,0.0565,0.008));
#3043=CARTESIAN_POINT('',(-0.0157,0.0565,0.008));
#3044=CARTESIAN_POINT('',(-0.0157,0.0085,0.008));
#3045=CARTESIAN_POINT('',(-0.01,-0.011,0.008));
#3046=CARTESIAN_POINT('',(-0.004,-0.011,0.008));
#3047=CARTESIAN_POINT('',(0.035,0.004,0.008));
#3048=CARTESIAN_POINT('',(0.041,0.004,0.008));
#3049=CARTESIAN_POINT('',(-0.035,-0.011,0.008));
#3050=CARTESIAN_POINT('',(-0.029,-0.011,0.008));
#3051=CARTESIAN_POINT('',(-0.023,0.001,0.008));
#3052=CARTESIAN_POINT('',(-0.017,0.001,0.008));
#3053=CARTESIAN_POINT('',(-0.023,-0.0235,0.008));
#3054=CARTESIAN_POINT('',(-0.017,-0.0235,0.008));
#3055=CARTESIAN_POINT('',(0.023,-0.006,0.008));
#3056=CARTESIAN_POINT('',(0.029,-0.006,0.008));
#3057=CARTESIAN_POINT('',(0.0160592123866082,-0.0329715199768544,0.008));
#3058=CARTESIAN_POINT('',(0.0220592123866081,-0.0329715199768544,0.008));
#3059=CARTESIAN_POINT('',(-0.043944719283166,0.0174367900567276,0.008));
#3060=CARTESIAN_POINT('',(-0.0418894385663319,0.0175017466973666,0.008));
#3061=CARTESIAN_POINT('',(-0.046,0.0173718334160885,0.008));
#3062=CARTESIAN_POINT('',(-0.042,0.021,0.008));
#3063=CARTESIAN_POINT('',(-0.0401486501421851,0.023970269971563,0.008));
#3064=CARTESIAN_POINT('',(-0.043,0.026,0.008));
#3065=CARTESIAN_POINT('',(-0.0445555555555556,0.0291353224576716,0.008));
#3066=CARTESIAN_POINT('',(-0.045,0.0300311288741493,0.008));
#3067=CARTESIAN_POINT('',(-0.046,0.0300311288741493,0.008));
#3068=CARTESIAN_POINT('',(-0.046,0.0085,0.008));
#3069=CARTESIAN_POINT('',(-0.046,0.0399688711258507,0.008));
#3070=CARTESIAN_POINT('',(-0.045,0.0399688711258507,0.008));
#3071=CARTESIAN_POINT('',(-0.0445555555555556,0.0408646775423284,0.008));
#3072=CARTESIAN_POINT('',(-0.043,0.044,0.008));
#3073=CARTESIAN_POINT('',(-0.0445555555555556,0.0471353224576717,0.008));
#3074=CARTESIAN_POINT('',(-0.045,0.0480311288741493,0.008));
#3075=CARTESIAN_POINT('',(-0.046,0.0480311288741493,0.008));
#3076=CARTESIAN_POINT('',(-0.046,0.0085,0.008));
#3077=CARTESIAN_POINT('',(-0.046,0.0576125178063039,0.008));
#3078=CARTESIAN_POINT('',(-0.045,0.0576125178063039,0.008));
#3079=CARTESIAN_POINT('',(-0.0447777777777778,0.0585875138493475,0.008));
#3080=CARTESIAN_POINT('',(-0.044,0.062,0.008));
#3081=CARTESIAN_POINT('',(-0.0405875138493475,0.0627777777777778,0.008));
#3082=CARTESIAN_POINT('',(-0.0396125178063039,0.063,0.008));
#3083=CARTESIAN_POINT('',(-0.0396125178063039,0.064,0.008));
#3084=CARTESIAN_POINT('',(-0.03135,0.064,0.008));
#3085=CARTESIAN_POINT('',(0.0396125178063039,0.064,0.008));
#3086=CARTESIAN_POINT('',(0.0396125178063039,0.063,0.008));
#3087=CARTESIAN_POINT('',(0.0405875138493475,0.0627777777777778,0.008));
#3088=CARTESIAN_POINT('',(0.044,0.062,0.008));
#3089=CARTESIAN_POINT('',(0.0447777777777777,0.0585875138493475,0.008));
#3090=CARTESIAN_POINT('',(0.045,0.0576125178063039,0.008));
#3091=CARTESIAN_POINT('',(0.046,0.0576125178063039,0.008));
#3092=CARTESIAN_POINT('',(0.046,0.0085,0.008));
#3093=CARTESIAN_POINT('',(0.046,0.0480311288741493,0.008));
#3094=CARTESIAN_POINT('',(0.045,0.0480311288741493,0.008));
#3095=CARTESIAN_POINT('',(0.0445555555555556,0.0471353224576717,0.008));
#3096=CARTESIAN_POINT('',(0.043,0.044,0.008));
#3097=CARTESIAN_POINT('',(0.0445555555555556,0.0408646775423284,0.008));
#3098=CARTESIAN_POINT('',(0.045,0.0399688711258507,0.008));
#3099=CARTESIAN_POINT('',(0.046,0.0399688711258507,0.008));
#3100=CARTESIAN_POINT('',(0.046,0.0085,0.008));
#3101=CARTESIAN_POINT('',(0.046,0.0300311288741493,0.008));
#3102=CARTESIAN_POINT('',(0.045,0.0300311288741493,0.008));
#3103=CARTESIAN_POINT('',(0.0445555555555556,0.0291353224576717,0.008));
#3104=CARTESIAN_POINT('',(0.043,0.026,0.008));
#3105=CARTESIAN_POINT('',(0.0401486501421851,0.023970269971563,0.008));
#3106=CARTESIAN_POINT('',(0.042,0.021,0.008));
#3107=CARTESIAN_POINT('',(0.0421443348592886,0.01750297734517,0.008));
#3108=CARTESIAN_POINT('',(0.0439278325703557,0.01750297734517,0.008));
#3109=CARTESIAN_POINT('',(0.046,-0.0274418258244628,0.008));
#3110=CARTESIAN_POINT('',(0.048,-0.0274418258244628,0.008));
#3111=CARTESIAN_POINT('',(0.048,-0.0329911946957117,0.008));
#3112=CARTESIAN_POINT('',(0.048,-0.0385405635669606,0.008));
#3113=CARTESIAN_POINT('',(0.046,-0.0385405635669606,0.008));
#3114=CARTESIAN_POINT('',(0.046,-0.0385405635669606,0.008));
#3115=CARTESIAN_POINT('',(0.046,0.0085,0.008));
#3116=CARTESIAN_POINT('',(0.046,-0.047,0.008));
#3117=CARTESIAN_POINT('',(0.,-0.047,0.008));
#3118=CARTESIAN_POINT('',(-0.0368765246170202,-0.047,0.008));
#3119=CARTESIAN_POINT('',(-0.0368765246170202,-0.046,0.008));
#3120=CARTESIAN_POINT('',(-0.0378080655957438,-0.0456363636363636,0.008));
#3121=CARTESIAN_POINT('',(-0.042,-0.044,0.008));
#3122=CARTESIAN_POINT('',(-0.0444545454545455,-0.040228368176562,0.008));
#3123=CARTESIAN_POINT('',(-0.045,-0.0393902277713536,0.008));
#3124=CARTESIAN_POINT('',(-0.046,-0.0393902277713536,0.008));
#3125=CARTESIAN_POINT('',(-0.046,0.0085,0.008));
#3126=CARTESIAN_POINT('',(-0.042,0.021,0.009));
#3127=CARTESIAN_POINT('',(-0.0418894385663319,0.0175017466973666,0.));
#3128=CARTESIAN_POINT('',(-0.0418894385663319,0.0175017466973666,0.));
#3129=CARTESIAN_POINT('',(-0.042,0.021,0.));
#3130=CARTESIAN_POINT('',(-0.0401486501421851,0.023970269971563,0.));
#3131=CARTESIAN_POINT('',(-0.0401486501421851,0.023970269971563,0.0045));
#3132=CARTESIAN_POINT('',(0.,0.,0.));
#3133=CARTESIAN_POINT('',(-0.03135,0.064,0.));
#3134=CARTESIAN_POINT('',(-0.0396125178063039,0.064,0.));
#3135=CARTESIAN_POINT('',(0.027,0.064,0.));
#3136=CARTESIAN_POINT('',(-0.0396125178063039,0.063,0.));
#3137=CARTESIAN_POINT('',(-0.0405875138493475,0.0627777777777778,0.));
#3138=CARTESIAN_POINT('',(-0.044,0.062,0.));
#3139=CARTESIAN_POINT('',(-0.0447777777777778,0.0585875138493475,0.));
#3140=CARTESIAN_POINT('',(-0.045,0.0576125178063039,0.));
#3141=CARTESIAN_POINT('',(-0.046,0.0576125178063039,0.));
#3142=CARTESIAN_POINT('',(-0.046,0.0085,0.));
#3143=CARTESIAN_POINT('',(-0.046,0.0480311288741493,0.));
#3144=CARTESIAN_POINT('',(-0.045,0.0480311288741493,0.));
#3145=CARTESIAN_POINT('',(-0.0445555555555556,0.0471353224576717,0.));
#3146=CARTESIAN_POINT('',(-0.043,0.044,0.));
#3147=CARTESIAN_POINT('',(-0.0445555555555556,0.0408646775423284,0.));
#3148=CARTESIAN_POINT('',(-0.045,0.0399688711258507,0.));
#3149=CARTESIAN_POINT('',(-0.0456292073066695,0.0407461086476121,0.));
#3150=CARTESIAN_POINT('',(-0.046,0.0407461086476121,0.));
#3151=CARTESIAN_POINT('',(-0.048,0.0407461086476121,0.));
#3152=CARTESIAN_POINT('',(-0.048,0.0085,0.));
#3153=CARTESIAN_POINT('',(-0.048,0.066,0.));
#3154=CARTESIAN_POINT('',(0.01565,0.066,0.));
#3155=CARTESIAN_POINT('',(0.027,0.066,0.));
#3156=CARTESIAN_POINT('',(0.027,0.064,0.));
#3157=CARTESIAN_POINT('',(-0.043,0.044,0.));
#3158=CARTESIAN_POINT('',(-0.0415,0.044,0.));
#3159=CARTESIAN_POINT('',(-0.044,0.062,0.));
#3160=CARTESIAN_POINT('',(-0.0425,0.062,0.));
#3161=CARTESIAN_POINT('',(-0.03135,0.064,0.01));
#3162=CARTESIAN_POINT('',(-0.0396125178063039,0.064,0.01));
#3163=CARTESIAN_POINT('',(0.027,0.064,0.002));
#3164=CARTESIAN_POINT('',(0.027,0.064,0.004));
#3165=CARTESIAN_POINT('',(0.0315,0.064,0.004));
#3166=CARTESIAN_POINT('',(0.036,0.064,0.004));
#3167=CARTESIAN_POINT('',(0.036,0.064,0.002));
#3168=CARTESIAN_POINT('',(0.036,0.064,0.));
#3169=CARTESIAN_POINT('',(-0.03135,0.064,0.));
#3170=CARTESIAN_POINT('',(0.0396125178063039,0.064,0.));
#3171=CARTESIAN_POINT('',(0.0396125178063039,0.064,0.01));
#3172=CARTESIAN_POINT('',(0.01565,0.066,0.01));
#3173=CARTESIAN_POINT('',(0.01565,0.066,0.));
#3174=CARTESIAN_POINT('',(0.036,0.066,0.));
#3175=CARTESIAN_POINT('',(0.048,0.066,0.));
#3176=CARTESIAN_POINT('',(0.036,0.066,0.002));
#3177=CARTESIAN_POINT('',(0.036,0.066,0.004));
#3178=CARTESIAN_POINT('',(0.0315,0.066,0.004));
#3179=CARTESIAN_POINT('',(0.027,0.066,0.004));
#3180=CARTESIAN_POINT('',(0.027,0.066,0.002));
#3181=CARTESIAN_POINT('',(-0.048,0.066,0.01));
#3182=CARTESIAN_POINT('',(-0.048,0.066,0.01));
#3183=CARTESIAN_POINT('',(0.01565,0.066,0.01));
#3184=CARTESIAN_POINT('',(0.048,0.066,0.01));
#3185=CARTESIAN_POINT('',(0.048,0.066,0.01));
#3186=CARTESIAN_POINT('',(0.046,0.0085,0.01));
#3187=CARTESIAN_POINT('',(0.046,-0.0385405635669606,0.004));
#3188=CARTESIAN_POINT('',(0.046,-0.0385405635669606,0.));
#3189=CARTESIAN_POINT('',(0.046,0.0085,0.));
#3190=CARTESIAN_POINT('',(0.046,-0.047,0.));
#3191=CARTESIAN_POINT('',(0.046,-0.047,0.01));
#3192=CARTESIAN_POINT('',(0.,0.,0.));
#3193=CARTESIAN_POINT('',(0.0439278325703557,0.01750297734517,0.));
#3194=CARTESIAN_POINT('',(0.0421443348592886,0.01750297734517,0.));
#3195=CARTESIAN_POINT('',(0.042,0.021,0.));
#3196=CARTESIAN_POINT('',(0.0401486501421851,0.023970269971563,0.));
#3197=CARTESIAN_POINT('',(0.043,0.026,0.));
#3198=CARTESIAN_POINT('',(0.0445555555555556,0.0291353224576717,0.));
#3199=CARTESIAN_POINT('',(0.045,0.0300311288741493,0.));
#3200=CARTESIAN_POINT('',(0.046,0.0300311288741493,0.));
#3201=CARTESIAN_POINT('',(0.046,0.0085,0.));
#3202=CARTESIAN_POINT('',(0.046,0.0399688711258507,0.));
#3203=CARTESIAN_POINT('',(0.045,0.0399688711258507,0.));
#3204=CARTESIAN_POINT('',(0.0445555555555556,0.0408646775423284,0.));
#3205=CARTESIAN_POINT('',(0.043,0.044,0.));
#3206=CARTESIAN_POINT('',(0.0445555555555556,0.0471353224576717,0.));
#3207=CARTESIAN_POINT('',(0.045,0.0480311288741493,0.));
#3208=CARTESIAN_POINT('',(0.046,0.0480311288741493,0.));
#3209=CARTESIAN_POINT('',(0.046,0.0085,0.));
#3210=CARTESIAN_POINT('',(0.046,0.0576125178063039,0.));
#3211=CARTESIAN_POINT('',(0.045,0.0576125178063039,0.));
#3212=CARTESIAN_POINT('',(0.0447777777777777,0.0585875138493475,0.));
#3213=CARTESIAN_POINT('',(0.044,0.062,0.));
#3214=CARTESIAN_POINT('',(0.0405875138493475,0.0627777777777778,0.));
#3215=CARTESIAN_POINT('',(0.0396125178063039,0.063,0.));
#3216=CARTESIAN_POINT('',(0.036,0.064,0.));
#3217=CARTESIAN_POINT('',(0.048,0.0085,0.));
#3218=CARTESIAN_POINT('',(0.048,-0.0274418258244628,0.));
#3219=CARTESIAN_POINT('',(0.046,-0.0274418258244628,0.));
#3220=CARTESIAN_POINT('',(0.042,0.021,0.));
#3221=CARTESIAN_POINT('',(0.0435,0.021,0.));
#3222=CARTESIAN_POINT('',(0.043,0.026,0.));
#3223=CARTESIAN_POINT('',(0.0445,0.026,0.));
#3224=CARTESIAN_POINT('',(0.043,0.044,0.));
#3225=CARTESIAN_POINT('',(0.0445,0.044,0.));
#3226=CARTESIAN_POINT('',(0.044,0.062,0.));
#3227=CARTESIAN_POINT('',(0.0455,0.062,0.));
#3228=CARTESIAN_POINT('',(-0.046,0.0085,0.01));
#3229=CARTESIAN_POINT('',(-0.046,0.0300311288741493,0.));
#3230=CARTESIAN_POINT('',(-0.046,0.0300311288741493,0.005));
#3231=CARTESIAN_POINT('',(-0.046,0.0352461086476121,0.005));
#3232=CARTESIAN_POINT('',(-0.046,0.0399688711258507,0.005));
#3233=CARTESIAN_POINT('',(-0.046,0.0399688711258507,0.008));
#3234=CARTESIAN_POINT('',(-0.048,0.0085,0.01));
#3235=CARTESIAN_POINT('',(-0.048,0.0407461086476121,0.0025));
#3236=CARTESIAN_POINT('',(-0.048,0.0407461086476121,0.005));
#3237=CARTESIAN_POINT('',(-0.048,0.0352461086476121,0.005));
#3238=CARTESIAN_POINT('',(-0.048,0.0297461086476121,0.005));
#3239=CARTESIAN_POINT('',(-0.048,0.0297461086476121,0.0025));
#3240=CARTESIAN_POINT('',(-0.048,0.0297461086476121,0.));
#3241=CARTESIAN_POINT('',(-0.048,0.0085,0.));
#3242=CARTESIAN_POINT('',(-0.048,-0.049,0.));
#3243=CARTESIAN_POINT('',(-0.048,-0.049,0.01));
#3244=CARTESIAN_POINT('',(-0.048,-0.049,0.01));
#3245=CARTESIAN_POINT('',(-0.048,0.0085,0.01));
#3246=CARTESIAN_POINT('',(-0.046,0.0085,0.01));
#3247=CARTESIAN_POINT('',(-0.046,0.0085,0.));
#3248=CARTESIAN_POINT('',(-0.046,-0.0393902277713536,0.));
#3249=CARTESIAN_POINT('',(-0.046,0.0173718334160885,0.));
#3250=CARTESIAN_POINT('',(-0.046,0.0173718334160885,0.));
#3251=CARTESIAN_POINT('',(-0.046,-0.0393902277713536,0.));
#3252=CARTESIAN_POINT('',(0.,-0.047,0.01));
#3253=CARTESIAN_POINT('',(0.,-0.047,0.));
#3254=CARTESIAN_POINT('',(-0.0368765246170202,-0.047,0.));
#3255=CARTESIAN_POINT('',(-0.0368765246170202,-0.047,0.008));
#3256=CARTESIAN_POINT('',(0.046,0.0085,0.01));
#3257=CARTESIAN_POINT('',(0.046,0.0300311288741493,0.008));
#3258=CARTESIAN_POINT('',(0.046,0.0399688711258507,0.));
#3259=CARTESIAN_POINT('',(0.046,0.0085,0.01));
#3260=CARTESIAN_POINT('',(0.046,0.0576125178063039,0.01));
#3261=CARTESIAN_POINT('',(0.046,0.0480311288741493,0.008));
#3262=CARTESIAN_POINT('',(-0.046,0.0085,0.01));
#3263=CARTESIAN_POINT('',(-0.046,0.0576125178063039,0.01));
#3264=CARTESIAN_POINT('',(-0.046,0.0480311288741493,0.));
#3265=CARTESIAN_POINT('',(0.,0.,0.01));
#3266=CARTESIAN_POINT('',(0.0160592123866082,-0.0329715199768544,0.01));
#3267=CARTESIAN_POINT('',(0.0220592123866081,-0.0329715199768544,0.01));
#3268=CARTESIAN_POINT('',(0.023,-0.006,0.01));
#3269=CARTESIAN_POINT('',(0.029,-0.006,0.01));
#3270=CARTESIAN_POINT('',(-0.023,-0.0235,0.01));
#3271=CARTESIAN_POINT('',(-0.017,-0.0235,0.01));
#3272=CARTESIAN_POINT('',(-0.023,0.001,0.01));
#3273=CARTESIAN_POINT('',(-0.017,0.001,0.01));
#3274=CARTESIAN_POINT('',(-0.035,-0.011,0.01));
#3275=CARTESIAN_POINT('',(-0.029,-0.011,0.01));
#3276=CARTESIAN_POINT('',(0.035,0.004,0.01));
#3277=CARTESIAN_POINT('',(0.041,0.004,0.01));
#3278=CARTESIAN_POINT('',(0.,-0.049,0.01));
#3279=CARTESIAN_POINT('',(0.048,-0.049,0.01));
#3280=CARTESIAN_POINT('',(0.048,0.0085,0.01));
#3281=CARTESIAN_POINT('',(-0.01,-0.011,0.01));
#3282=CARTESIAN_POINT('',(-0.004,-0.011,0.01));
#3283=CARTESIAN_POINT('',(0.0183,0.,0.01));
#3284=CARTESIAN_POINT('',(0.0183,0.0175,0.01));
#3285=CARTESIAN_POINT('',(0.0183,0.0565,0.01));
#3286=CARTESIAN_POINT('',(-6.07153216591885E-17,0.0175,0.01));
#3287=CARTESIAN_POINT('',(-0.0157,0.0175,0.01));
#3288=CARTESIAN_POINT('',(-0.0157,0.,0.01));
#3289=CARTESIAN_POINT('',(-0.0157,0.0565,0.01));
#3290=CARTESIAN_POINT('',(0.,0.0565,0.01));
#3291=CARTESIAN_POINT('',(0.048,0.0085,0.01));
#3292=CARTESIAN_POINT('',(0.048,-0.0274418258244628,0.004));
#3293=CARTESIAN_POINT('',(0.048,-0.049,0.01));
#3294=CARTESIAN_POINT('',(0.048,-0.049,0.));
#3295=CARTESIAN_POINT('',(0.048,0.0085,0.));
#3296=CARTESIAN_POINT('',(0.048,-0.0385405635669606,0.));
#3297=CARTESIAN_POINT('',(0.048,-0.0385405635669606,0.004));
#3298=CARTESIAN_POINT('',(0.,-0.049,0.01));
#3299=CARTESIAN_POINT('',(0.,-0.049,0.));
#3300=CARTESIAN_POINT('',(0.,0.,0.));
#3301=CARTESIAN_POINT('',(-0.043944719283166,0.0174367900567276,0.));
#3302=CARTESIAN_POINT('',(-0.045,-0.0393902277713536,0.));
#3303=CARTESIAN_POINT('',(-0.0444545454545455,-0.040228368176562,0.));
#3304=CARTESIAN_POINT('',(-0.042,-0.044,0.));
#3305=CARTESIAN_POINT('',(-0.0378080655957438,-0.0456363636363636,0.));
#3306=CARTESIAN_POINT('',(-0.0368765246170202,-0.046,0.));
#3307=CARTESIAN_POINT('',(0.046,-0.0385405635669606,0.));
#3308=CARTESIAN_POINT('',(-0.046,0.0297461086476121,0.));
#3309=CARTESIAN_POINT('',(-0.0459585215023486,0.0297461086476121,0.));
#3310=CARTESIAN_POINT('',(-0.045,0.0300311288741493,0.));
#3311=CARTESIAN_POINT('',(-0.0445555555555556,0.0291353224576716,0.));
#3312=CARTESIAN_POINT('',(-0.043,0.026,0.));
#3313=CARTESIAN_POINT('',(-0.043,0.026,0.));
#3314=CARTESIAN_POINT('',(-0.0415,0.026,0.));
#3315=CARTESIAN_POINT('',(-0.042,0.021,0.));
#3316=CARTESIAN_POINT('',(-0.0405,0.021,0.));
#3317=CARTESIAN_POINT('',(-0.042,-0.044,0.));
#3318=CARTESIAN_POINT('',(-0.0405,-0.044,0.));
#3319=CARTESIAN_POINT('',(-0.01,-0.011,0.025));
#3320=CARTESIAN_POINT('',(0.0183,0.03175,0.025));
#3321=CARTESIAN_POINT('',(0.0183,0.0565,0.025));
#3322=CARTESIAN_POINT('',(0.0183,0.0175,0.025));
#3323=CARTESIAN_POINT('',(0.0013,0.0565,0.025));
#3324=CARTESIAN_POINT('',(-0.0157,0.0565,0.025));
#3325=CARTESIAN_POINT('',(-0.0157,0.03175,0.025));
#3326=CARTESIAN_POINT('',(-0.0157,0.0175,0.025));
#3327=CARTESIAN_POINT('',(-0.0152,0.0175,0.025));
#3328=CARTESIAN_POINT('',(0.035,0.004,0.025));
#3329=CARTESIAN_POINT('',(-0.035,-0.011,0.025));
#3330=CARTESIAN_POINT('',(-0.023,0.001,0.025));
#3331=CARTESIAN_POINT('',(-0.023,-0.0235,0.025));
#3332=CARTESIAN_POINT('',(0.023,-0.006,0.025));
#3333=CARTESIAN_POINT('',(-0.043,0.044,0.009));
#3334=CARTESIAN_POINT('',(-0.043,0.044,0.008));
#3335=CARTESIAN_POINT('',(-0.0415,0.044,0.008));
#3336=CARTESIAN_POINT('',(-0.043,0.044,0.009));
#3337=CARTESIAN_POINT('',(-0.0445555555555556,0.0471353224576717,0.009));
#3338=CARTESIAN_POINT('',(-0.0445555555555556,0.0408646775423284,0.009));
#3339=CARTESIAN_POINT('',(-0.043,0.026,0.009));
#3340=CARTESIAN_POINT('',(-0.043,0.026,0.008));
#3341=CARTESIAN_POINT('',(-0.0415,0.026,0.008));
#3342=CARTESIAN_POINT('',(-0.042,0.021,0.009));
#3343=CARTESIAN_POINT('',(-0.042,0.021,0.008));
#3344=CARTESIAN_POINT('',(-0.0405,0.021,0.008));
#3345=CARTESIAN_POINT('',(-0.043,0.026,0.009));
#3346=CARTESIAN_POINT('',(-0.0445555555555556,0.0291353224576716,0.009));
#3347=CARTESIAN_POINT('',(0.043,0.044,0.009));
#3348=CARTESIAN_POINT('',(0.043,0.044,0.008));
#3349=CARTESIAN_POINT('',(0.0445,0.044,0.008));
#3350=CARTESIAN_POINT('',(0.043,0.044,0.009));
#3351=CARTESIAN_POINT('',(0.0445555555555556,0.0471353224576717,0.009));
#3352=CARTESIAN_POINT('',(0.0445555555555556,0.0408646775423284,0.009));
#3353=CARTESIAN_POINT('',(0.043,0.026,0.009));
#3354=CARTESIAN_POINT('',(0.043,0.026,0.008));
#3355=CARTESIAN_POINT('',(0.0445,0.026,0.008));
#3356=CARTESIAN_POINT('',(0.042,0.021,0.009));
#3357=CARTESIAN_POINT('',(0.0421443348592886,0.01750297734517,0.));
#3358=CARTESIAN_POINT('',(0.0401486501421851,0.023970269971563,0.0045));
#3359=CARTESIAN_POINT('',(0.042,0.021,0.009));
#3360=CARTESIAN_POINT('',(0.042,0.021,0.008));
#3361=CARTESIAN_POINT('',(0.0435,0.021,0.008));
#3362=CARTESIAN_POINT('',(0.043,0.026,0.009));
#3363=CARTESIAN_POINT('',(0.0445555555555556,0.0291353224576717,0.009));
#3364=CARTESIAN_POINT('',(0.,0.0085,0.008));
#3365=CARTESIAN_POINT('',(0.,0.0085,0.008));
#3366=CARTESIAN_POINT('',(0.,0.0085,0.008));
#3367=CARTESIAN_POINT('',(0.,0.0085,0.008));
#3368=CARTESIAN_POINT('',(0.,0.0085,0.008));
#3369=CARTESIAN_POINT('',(0.,0.0085,0.008));
#3370=CARTESIAN_POINT('',(-0.042,-0.044,0.009));
#3371=CARTESIAN_POINT('',(-0.042,-0.044,0.008));
#3372=CARTESIAN_POINT('',(-0.0405,-0.044,0.008));
#3373=CARTESIAN_POINT('',(-0.042,-0.044,0.009));
#3374=CARTESIAN_POINT('',(-0.0378080655957438,-0.0456363636363636,0.009));
#3375=CARTESIAN_POINT('',(-0.0444545454545455,-0.040228368176562,0.009));
#3376=CARTESIAN_POINT('',(0.,0.0085,0.008));
#3377=CARTESIAN_POINT('',(-0.046,0.0407461086476121,0.0025));
#3378=CARTESIAN_POINT('',(-0.0456292073066695,0.0407461086476121,0.));
#3379=CARTESIAN_POINT('',(-0.0456292073066695,0.0407461086476121,0.005));
#3380=CARTESIAN_POINT('',(-0.046,0.0407461086476121,0.005));
#3381=CARTESIAN_POINT('',(-0.046,0.0297461086476121,0.0025));
#3382=CARTESIAN_POINT('',(-0.046,0.0297461086476121,0.005));
#3383=CARTESIAN_POINT('',(-0.0459585215023486,0.0297461086476121,0.005));
#3384=CARTESIAN_POINT('',(-0.0459585215023486,0.0297461086476121,0.005));
#3385=CARTESIAN_POINT('',(-0.046,0.0352461086476121,0.005));
#3386=CARTESIAN_POINT('',(-0.045,0.0399688711258507,0.005));
#3387=CARTESIAN_POINT('',(-0.045,0.0300311288741493,0.005));
#3388=CARTESIAN_POINT('',(-0.045,0.0480311288741493,0.009));
#3389=CARTESIAN_POINT('',(-0.0368765246170202,-0.046,0.009));
#3390=CARTESIAN_POINT('',(-0.045,-0.0393902277713536,0.009));
#3391=CARTESIAN_POINT('',(0.045,0.0300311288741493,0.009));
#3392=CARTESIAN_POINT('',(0.045,0.0480311288741493,0.009));
#3393=CARTESIAN_POINT('',(0.045,0.0399688711258507,0.009));
#3394=CARTESIAN_POINT('',(-0.045,0.0300311288741493,0.009));
#3395=CARTESIAN_POINT('',(-0.045,0.0399688711258507,0.009));
#3396=CARTESIAN_POINT('',(0.046,-0.0274418258244628,0.004));
#3397=CARTESIAN_POINT('',(0.046,-0.0385405635669606,0.004));
#3398=CARTESIAN_POINT('',(0.036,0.064,0.002));
#3399=CARTESIAN_POINT('',(0.036,0.064,0.004));
#3400=CARTESIAN_POINT('',(0.027,0.064,0.002));
#3401=CARTESIAN_POINT('',(0.027,0.064,0.004));
#3402=CARTESIAN_POINT('',(0.0315,0.064,0.004));
#3403=CARTESIAN_POINT('',(-0.044,0.062,0.));
#3404=CARTESIAN_POINT('',(-0.0447777777777778,0.0585875138493475,0.));
#3405=CARTESIAN_POINT('',(-0.0405875138493475,0.0627777777777778,0.));
#3406=CARTESIAN_POINT('',(-0.044,0.062,0.));
#3407=CARTESIAN_POINT('',(-0.044,0.062,0.008));
#3408=CARTESIAN_POINT('',(-0.0425,0.062,0.008));
#3409=CARTESIAN_POINT('',(0.,0.0085,0.008));
#3410=CARTESIAN_POINT('',(0.044,0.062,0.));
#3411=CARTESIAN_POINT('',(0.0405875138493475,0.0627777777777778,0.));
#3412=CARTESIAN_POINT('',(0.0447777777777777,0.0585875138493475,0.));
#3413=CARTESIAN_POINT('',(0.044,0.062,0.));
#3414=CARTESIAN_POINT('',(0.044,0.062,0.008));
#3415=CARTESIAN_POINT('',(0.0455,0.062,0.008));
#3416=CARTESIAN_POINT('',(0.,0.0085,0.008));
#3417=CARTESIAN_POINT('',(-0.045,0.0576125178063039,0.));
#3418=CARTESIAN_POINT('',(-0.0396125178063039,0.063,0.));
#3419=CARTESIAN_POINT('',(0.0396125178063039,0.063,0.));
#3420=CARTESIAN_POINT('',(0.045,0.0576125178063039,0.));
#3421=CARTESIAN_POINT('',(0.0160592123866082,-0.0329715199768544,0.008));
#3422=CARTESIAN_POINT('',(0.0439278325703557,0.01750297734517,0.));
#3423=CARTESIAN_POINT('',(-0.043944719283166,0.0174367900567276,0.));
#3424=CARTESIAN_POINT('',(0.,0.,0.));
#3425=CARTESIAN_POINT('',(-1.7347234759768E-18,0.02125,-0.007));
#3426=CARTESIAN_POINT('',(0.046,0.022,-0.007));
#3427=CARTESIAN_POINT('',(0.046,0.021,-0.007));
#3428=CARTESIAN_POINT('',(0.046,0.023,-0.007));
#3429=CARTESIAN_POINT('',(-6.93889390390723E-18,0.021,-0.007));
#3430=CARTESIAN_POINT('',(0.048,0.021,-0.007));
#3431=CARTESIAN_POINT('',(0.048,0.0085,-0.007));
#3432=CARTESIAN_POINT('',(0.048,0.047,-0.007));
#3433=CARTESIAN_POINT('',(-6.93889390390723E-18,0.047,-0.007));
#3434=CARTESIAN_POINT('',(0.046,0.047,-0.007));
#3435=CARTESIAN_POINT('',(0.046,0.046,-0.007));
#3436=CARTESIAN_POINT('',(0.046,0.045,-0.007));
#3437=CARTESIAN_POINT('',(0.046,0.0085,-0.007));
#3438=CARTESIAN_POINT('',(-1.7347234759768E-18,0.02125,-0.007));
#3439=CARTESIAN_POINT('',(-0.046,0.022,-0.007));
#3440=CARTESIAN_POINT('',(-0.046,0.023,-0.007));
#3441=CARTESIAN_POINT('',(-0.046,0.021,-0.007));
#3442=CARTESIAN_POINT('',(-0.046,0.0085,-0.007));
#3443=CARTESIAN_POINT('',(-0.046,0.045,-0.007));
#3444=CARTESIAN_POINT('',(-0.046,0.046,-0.007));
#3445=CARTESIAN_POINT('',(-0.046,0.047,-0.007));
#3446=CARTESIAN_POINT('',(-6.93889390390723E-18,0.047,-0.007));
#3447=CARTESIAN_POINT('',(-0.048,0.047,-0.007));
#3448=CARTESIAN_POINT('',(-0.048,0.0085,-0.007));
#3449=CARTESIAN_POINT('',(-0.048,0.021,-0.007));
#3450=CARTESIAN_POINT('',(-6.93889390390723E-18,0.021,-0.007));
#3451=CARTESIAN_POINT('',(-9.66712832450867E-6,0.0339481150731444,-0.026));
#3452=CARTESIAN_POINT('',(0.046,0.0085,-0.026));
#3453=CARTESIAN_POINT('',(0.046,0.043,-0.026));
#3454=CARTESIAN_POINT('',(0.046,0.025,-0.026));
#3455=CARTESIAN_POINT('',(-9.66712832450867E-6,0.043,-0.026));
#3456=CARTESIAN_POINT('',(-0.046,0.043,-0.026));
#3457=CARTESIAN_POINT('',(-0.046,0.0085,-0.026));
#3458=CARTESIAN_POINT('',(-0.046,0.025,-0.026));
#3459=CARTESIAN_POINT('',(-9.66712832450867E-6,0.025,-0.026));
#3460=CARTESIAN_POINT('',(-6.93889390390723E-18,0.043,-0.024));
#3461=CARTESIAN_POINT('',(-0.046,0.043,-0.024));
#3462=CARTESIAN_POINT('',(-0.046,0.045,-0.024));
#3463=CARTESIAN_POINT('',(0.046,0.043,-0.024));
#3464=CARTESIAN_POINT('',(0.046,0.045,-0.024));
#3465=CARTESIAN_POINT('',(-6.93889390390723E-18,0.045,-0.024));
#3466=CARTESIAN_POINT('',(-6.93889390390723E-18,0.025,-0.024));
#3467=CARTESIAN_POINT('',(0.046,0.025,-0.024));
#3468=CARTESIAN_POINT('',(0.046,0.023,-0.024));
#3469=CARTESIAN_POINT('',(-0.046,0.025,-0.024));
#3470=CARTESIAN_POINT('',(-0.046,0.023,-0.024));
#3471=CARTESIAN_POINT('',(-6.93889390390723E-18,0.023,-0.024));
#3472=CARTESIAN_POINT('',(-6.93889390390723E-18,0.045,-0.028));
#3473=CARTESIAN_POINT('',(0.046,0.045,-0.028));
#3474=CARTESIAN_POINT('',(0.046,0.045,-0.005));
#3475=CARTESIAN_POINT('',(0.046,0.045,-0.005));
#3476=CARTESIAN_POINT('',(-6.93889390390723E-18,0.045,-0.005));
#3477=CARTESIAN_POINT('',(-0.046,0.045,-0.005));
#3478=CARTESIAN_POINT('',(-0.046,0.045,-0.005));
#3479=CARTESIAN_POINT('',(-0.046,0.045,-0.028));
#3480=CARTESIAN_POINT('',(-6.93889390390723E-18,0.023,-0.028));
#3481=CARTESIAN_POINT('',(-0.046,0.023,-0.028));
#3482=CARTESIAN_POINT('',(-0.046,0.023,-0.005));
#3483=CARTESIAN_POINT('',(-0.046,0.023,-0.005));
#3484=CARTESIAN_POINT('',(-6.93889390390723E-18,0.023,-0.005));
#3485=CARTESIAN_POINT('',(0.046,0.023,-0.005));
#3486=CARTESIAN_POINT('',(0.046,0.023,-0.005));
#3487=CARTESIAN_POINT('',(0.046,0.023,-0.028));
#3488=CARTESIAN_POINT('',(0.046,0.0085,0.01));
#3489=CARTESIAN_POINT('',(-0.046,0.0085,0.01));
#3490=CARTESIAN_POINT('',(0.,0.,-0.028));
#3491=CARTESIAN_POINT('',(0.048,0.034,-0.028));
#3492=CARTESIAN_POINT('',(0.048,0.023,-0.028));
#3493=CARTESIAN_POINT('',(0.048,0.045,-0.028));
#3494=CARTESIAN_POINT('',(0.,0.023,-0.028));
#3495=CARTESIAN_POINT('',(-0.048,0.023,-0.028));
#3496=CARTESIAN_POINT('',(-0.048,0.034,-0.028));
#3497=CARTESIAN_POINT('',(-0.048,0.045,-0.028));
#3498=CARTESIAN_POINT('',(0.,0.045,-0.028));
#3499=CARTESIAN_POINT('',(-6.93889390390723E-18,0.023,-0.026));
#3500=CARTESIAN_POINT('',(-0.048,0.023,-0.026));
#3501=CARTESIAN_POINT('',(-0.048,0.021,-0.026));
#3502=CARTESIAN_POINT('',(0.048,0.023,-0.026));
#3503=CARTESIAN_POINT('',(0.048,0.021,-0.026));
#3504=CARTESIAN_POINT('',(-6.93889390390723E-18,0.021,-0.026));
#3505=CARTESIAN_POINT('',(-6.93889390390723E-18,0.045,-0.026));
#3506=CARTESIAN_POINT('',(0.048,0.045,-0.026));
#3507=CARTESIAN_POINT('',(0.048,0.047,-0.026));
#3508=CARTESIAN_POINT('',(-0.048,0.045,-0.026));
#3509=CARTESIAN_POINT('',(-0.048,0.047,-0.026));
#3510=CARTESIAN_POINT('',(-6.93889390390723E-18,0.047,-0.026));
#3511=CARTESIAN_POINT('',(-6.93889390390723E-18,0.021,-0.028));
#3512=CARTESIAN_POINT('',(-0.048,0.021,-0.028));
#3513=CARTESIAN_POINT('',(0.048,0.021,-0.028));
#3514=CARTESIAN_POINT('',(0.046,0.021,-0.005));
#3515=CARTESIAN_POINT('',(0.046,0.021,-0.005));
#3516=CARTESIAN_POINT('',(-6.93889390390723E-18,0.021,-0.005));
#3517=CARTESIAN_POINT('',(-0.046,0.021,-0.005));
#3518=CARTESIAN_POINT('',(-0.046,0.021,-0.005));
#3519=CARTESIAN_POINT('',(-6.93889390390723E-18,0.047,-0.028));
#3520=CARTESIAN_POINT('',(0.048,0.047,-0.028));
#3521=CARTESIAN_POINT('',(-0.048,0.047,-0.028));
#3522=CARTESIAN_POINT('',(-0.046,0.047,-0.005));
#3523=CARTESIAN_POINT('',(-0.046,0.047,-0.005));
#3524=CARTESIAN_POINT('',(-6.93889390390723E-18,0.047,-0.005));
#3525=CARTESIAN_POINT('',(0.046,0.047,-0.005));
#3526=CARTESIAN_POINT('',(0.046,0.047,-0.005));
#3527=CARTESIAN_POINT('',(-0.048,0.0085,0.01));
#3528=CARTESIAN_POINT('',(0.048,0.0085,0.01));
#3529=CARTESIAN_POINT('',(-0.046,0.046,-0.005));
#3530=CARTESIAN_POINT('',(-0.046,0.046,-0.005));
#3531=CARTESIAN_POINT('',(0.046,0.046,-0.005));
#3532=CARTESIAN_POINT('',(0.046,0.046,-0.005));
#3533=CARTESIAN_POINT('',(-6.93889390390723E-18,0.034,-0.005));
#3534=CARTESIAN_POINT('',(-0.046,0.022,-0.005));
#3535=CARTESIAN_POINT('',(-0.046,0.022,-0.005));
#3536=CARTESIAN_POINT('',(0.046,0.022,-0.005));
#3537=CARTESIAN_POINT('',(0.046,0.022,-0.005));
#3538=CARTESIAN_POINT('',(-6.93889390390723E-18,0.034,-0.005));
#3539=MECHANICAL_DESIGN_GEOMETRIC_PRESENTATION_REPRESENTATION('',(#2096),
#3542);
#3540=MECHANICAL_DESIGN_GEOMETRIC_PRESENTATION_REPRESENTATION('',(#2097),
#3543);
#3541=MECHANICAL_DESIGN_GEOMETRIC_PRESENTATION_REPRESENTATION('',(#2098),
#3544);
#3542=(
GEOMETRIC_REPRESENTATION_CONTEXT(3)
GLOBAL_UNCERTAINTY_ASSIGNED_CONTEXT((#3545))
GLOBAL_UNIT_ASSIGNED_CONTEXT((#3554,#3551,#3548))
REPRESENTATION_CONTEXT('Bottom','TOP_LEVEL_ASSEMBLY_PART')
);
#3543=(
GEOMETRIC_REPRESENTATION_CONTEXT(3)
GLOBAL_UNCERTAINTY_ASSIGNED_CONTEXT((#3546))
GLOBAL_UNIT_ASSIGNED_CONTEXT((#3555,#3552,#3549))
REPRESENTATION_CONTEXT('Top','TOP_LEVEL_ASSEMBLY_PART')
);
#3544=(
GEOMETRIC_REPRESENTATION_CONTEXT(3)
GLOBAL_UNCERTAINTY_ASSIGNED_CONTEXT((#3547))
GLOBAL_UNIT_ASSIGNED_CONTEXT((#3556,#3553,#3550))
REPRESENTATION_CONTEXT('Batt','TOP_LEVEL_ASSEMBLY_PART')
);
#3545=UNCERTAINTY_MEASURE_WITH_UNIT(LENGTH_MEASURE(1.E-8),#3554,
'DISTANCE_ACCURACY_VALUE','Maximum Tolerance applied to model');
#3546=UNCERTAINTY_MEASURE_WITH_UNIT(LENGTH_MEASURE(1.E-8),#3555,
'DISTANCE_ACCURACY_VALUE','Maximum Tolerance applied to model');
#3547=UNCERTAINTY_MEASURE_WITH_UNIT(LENGTH_MEASURE(1.E-8),#3556,
'DISTANCE_ACCURACY_VALUE','Maximum Tolerance applied to model');
#3548=(
NAMED_UNIT(*)
SI_UNIT($,.STERADIAN.)
SOLID_ANGLE_UNIT()
);
#3549=(
NAMED_UNIT(*)
SI_UNIT($,.STERADIAN.)
SOLID_ANGLE_UNIT()
);
#3550=(
NAMED_UNIT(*)
SI_UNIT($,.STERADIAN.)
SOLID_ANGLE_UNIT()
);
#3551=(
NAMED_UNIT(*)
PLANE_ANGLE_UNIT()
SI_UNIT($,.RADIAN.)
);
#3552=(
NAMED_UNIT(*)
PLANE_ANGLE_UNIT()
SI_UNIT($,.RADIAN.)
);
#3553=(
NAMED_UNIT(*)
PLANE_ANGLE_UNIT()
SI_UNIT($,.RADIAN.)
);
#3554=(
LENGTH_UNIT()
NAMED_UNIT(*)
SI_UNIT($,.METRE.)
);
#3555=(
LENGTH_UNIT()
NAMED_UNIT(*)
SI_UNIT($,.METRE.)
);
#3556=(
LENGTH_UNIT()
NAMED_UNIT(*)
SI_UNIT($,.METRE.)
);
#3557=PRODUCT_DEFINITION_SHAPE('','',#3560);
#3558=PRODUCT_DEFINITION_SHAPE('','',#3561);
#3559=PRODUCT_DEFINITION_SHAPE('','',#3562);
#3560=PRODUCT_DEFINITION('','',#3566,#3563);
#3561=PRODUCT_DEFINITION('','',#3567,#3564);
#3562=PRODUCT_DEFINITION('','',#3568,#3565);
#3563=PRODUCT_DEFINITION_CONTEXT('',#3584,'design');
#3564=PRODUCT_DEFINITION_CONTEXT('',#3585,'design');
#3565=PRODUCT_DEFINITION_CONTEXT('',#3586,'design');
#3566=PRODUCT_DEFINITION_FORMATION_WITH_SPECIFIED_SOURCE('','',#3572,
 .NOT_KNOWN.);
#3567=PRODUCT_DEFINITION_FORMATION_WITH_SPECIFIED_SOURCE('','',#3573,
 .NOT_KNOWN.);
#3568=PRODUCT_DEFINITION_FORMATION_WITH_SPECIFIED_SOURCE('','',#3574,
 .NOT_KNOWN.);
#3569=PRODUCT_RELATED_PRODUCT_CATEGORY('','',(#3572));
#3570=PRODUCT_RELATED_PRODUCT_CATEGORY('','',(#3573));
#3571=PRODUCT_RELATED_PRODUCT_CATEGORY('','',(#3574));
#3572=PRODUCT('Bottom','Bottom','Bottom',(#3578));
#3573=PRODUCT('Top','Top','Top',(#3579));
#3574=PRODUCT('Batt','Batt','Batt',(#3580));
#3575=PRODUCT_CATEGORY('','');
#3576=PRODUCT_CATEGORY('','');
#3577=PRODUCT_CATEGORY('','');
#3578=PRODUCT_CONTEXT('',#3584,'mechanical');
#3579=PRODUCT_CONTEXT('',#3585,'mechanical');
#3580=PRODUCT_CONTEXT('',#3586,'mechanical');
#3581=APPLICATION_PROTOCOL_DEFINITION('international standard',
'ap242_managed_model_based_3d_engineering',2020,#3584);
#3582=APPLICATION_PROTOCOL_DEFINITION('international standard',
'ap242_managed_model_based_3d_engineering',2020,#3585);
#3583=APPLICATION_PROTOCOL_DEFINITION('international standard',
'ap242_managed_model_based_3d_engineering',2020,#3586);
#3584=APPLICATION_CONTEXT('managed model based 3d engineering');
#3585=APPLICATION_CONTEXT('managed model based 3d engineering');
#3586=APPLICATION_CONTEXT('managed model based 3d engineering');
ENDSEC;
END-ISO-10303-21;
